Report generated on: 11-03-2022 22:00:11,,,,,,,,,,,,,,,,,,,,,,,,,,,,,,,,,,,,,,,,,,,,,,,,,,,,,,,,,,,,,,,,,,,,,,,,,,,,,,,,,,,,,,,,,,,,,,,,,,,,,,,,,,,,,,,,,,,,,,,,,,,,,,,,,,,,,,,,,,,,,,,,,,,,,,,,,,,,,,,,,,,,,,,,,,,,,,,,,,,,,,,,,,,,,,,,,,,,,,,,,,,,,,,,,,,,,,,,,,,,,,,,,,,,,,,,,,,,,,,,,,,,,,,,,,,,,,,,,,,,,,,,,,,,,,,,,,,,,,,,,,,,,,,,,,,,,,,,,,,,,,,,,,,,,,,,,,,,,,,,,,,,,,,,,,,,,,,,,,,,,,,,,,,,,,,,,,,,,,,,,,,,,,,,,,,,,,,,,,,,,,,,,,,,,,,,,,,,,,,,,,,,,,,,,,,,,,,,,,,,,,,,,,,,,,,,,,,,,,,,,,,,,,,,,,,,,,,,,,,,,,,,,,,,,,,,,,,,,,,,,,,,,,,,,,,,,,,,,,,,,,,,,,,,,,,,,,,,,,,,,,,,,,,,,,,,,,,,,,,,,,,,,,,,,,,,,,,,,,,,,,,,,,,,,,,,,,,,,,,,,,,,,,,,,,,,,,,,
API,,Jan 1973,Feb 1973,Mar 1973,Apr 1973,May 1973,Jun 1973,Jul 1973,Aug 1973,Sep 1973,Oct 1973,Nov 1973,Dec 1973,Jan 1974,Feb 1974,Mar 1974,Apr 1974,May 1974,Jun 1974,Jul 1974,Aug 1974,Sep 1974,Oct 1974,Nov 1974,Dec 1974,Jan 1975,Feb 1975,Mar 1975,Apr 1975,May 1975,Jun 1975,Jul 1975,Aug 1975,Sep 1975,Oct 1975,Nov 1975,Dec 1975,Jan 1976,Feb 1976,Mar 1976,Apr 1976,May 1976,Jun 1976,Jul 1976,Aug 1976,Sep 1976,Oct 1976,Nov 1976,Dec 1976,Jan 1977,Feb 1977,Mar 1977,Apr 1977,May 1977,Jun 1977,Jul 1977,Aug 1977,Sep 1977,Oct 1977,Nov 1977,Dec 1977,Jan 1978,Feb 1978,Mar 1978,Apr 1978,May 1978,Jun 1978,Jul 1978,Aug 1978,Sep 1978,Oct 1978,Nov 1978,Dec 1978,Jan 1979,Feb 1979,Mar 1979,Apr 1979,May 1979,Jun 1979,Jul 1979,Aug 1979,Sep 1979,Oct 1979,Nov 1979,Dec 1979,Jan 1980,Feb 1980,Mar 1980,Apr 1980,May 1980,Jun 1980,Jul 1980,Aug 1980,Sep 1980,Oct 1980,Nov 1980,Dec 1980,Jan 1981,Feb 1981,Mar 1981,Apr 1981,May 1981,Jun 1981,Jul 1981,Aug 1981,Sep 1981,Oct 1981,Nov 1981,Dec 1981,Jan 1982,Feb 1982,Mar 1982,Apr 1982,May 1982,Jun 1982,Jul 1982,Aug 1982,Sep 1982,Oct 1982,Nov 1982,Dec 1982,Jan 1983,Feb 1983,Mar 1983,Apr 1983,May 1983,Jun 1983,Jul 1983,Aug 1983,Sep 1983,Oct 1983,Nov 1983,Dec 1983,Jan 1984,Feb 1984,Mar 1984,Apr 1984,May 1984,Jun 1984,Jul 1984,Aug 1984,Sep 1984,Oct 1984,Nov 1984,Dec 1984,Jan 1985,Feb 1985,Mar 1985,Apr 1985,May 1985,Jun 1985,Jul 1985,Aug 1985,Sep 1985,Oct 1985,Nov 1985,Dec 1985,Jan 1986,Feb 1986,Mar 1986,Apr 1986,May 1986,Jun 1986,Jul 1986,Aug 1986,Sep 1986,Oct 1986,Nov 1986,Dec 1986,Jan 1987,Feb 1987,Mar 1987,Apr 1987,May 1987,Jun 1987,Jul 1987,Aug 1987,Sep 1987,Oct 1987,Nov 1987,Dec 1987,Jan 1988,Feb 1988,Mar 1988,Apr 1988,May 1988,Jun 1988,Jul 1988,Aug 1988,Sep 1988,Oct 1988,Nov 1988,Dec 1988,Jan 1989,Feb 1989,Mar 1989,Apr 1989,May 1989,Jun 1989,Jul 1989,Aug 1989,Sep 1989,Oct 1989,Nov 1989,Dec 1989,Jan 1990,Feb 1990,Mar 1990,Apr 1990,May 1990,Jun 1990,Jul 1990,Aug 1990,Sep 1990,Oct 1990,Nov 1990,Dec 1990,Jan 1991,Feb 1991,Mar 1991,Apr 1991,May 1991,Jun 1991,Jul 1991,Aug 1991,Sep 1991,Oct 1991,Nov 1991,Dec 1991,Jan 1992,Feb 1992,Mar 1992,Apr 1992,May 1992,Jun 1992,Jul 1992,Aug 1992,Sep 1992,Oct 1992,Nov 1992,Dec 1992,Jan 1993,Feb 1993,Mar 1993,Apr 1993,May 1993,Jun 1993,Jul 1993,Aug 1993,Sep 1993,Oct 1993,Nov 1993,Dec 1993,Jan 1994,Feb 1994,Mar 1994,Apr 1994,May 1994,Jun 1994,Jul 1994,Aug 1994,Sep 1994,Oct 1994,Nov 1994,Dec 1994,Jan 1995,Feb 1995,Mar 1995,Apr 1995,May 1995,Jun 1995,Jul 1995,Aug 1995,Sep 1995,Oct 1995,Nov 1995,Dec 1995,Jan 1996,Feb 1996,Mar 1996,Apr 1996,May 1996,Jun 1996,Jul 1996,Aug 1996,Sep 1996,Oct 1996,Nov 1996,Dec 1996,Jan 1997,Feb 1997,Mar 1997,Apr 1997,May 1997,Jun 1997,Jul 1997,Aug 1997,Sep 1997,Oct 1997,Nov 1997,Dec 1997,Jan 1998,Feb 1998,Mar 1998,Apr 1998,May 1998,Jun 1998,Jul 1998,Aug 1998,Sep 1998,Oct 1998,Nov 1998,Dec 1998,Jan 1999,Feb 1999,Mar 1999,Apr 1999,May 1999,Jun 1999,Jul 1999,Aug 1999,Sep 1999,Oct 1999,Nov 1999,Dec 1999,Jan 2000,Feb 2000,Mar 2000,Apr 2000,May 2000,Jun 2000,Jul 2000,Aug 2000,Sep 2000,Oct 2000,Nov 2000,Dec 2000,Jan 2001,Feb 2001,Mar 2001,Apr 2001,May 2001,Jun 2001,Jul 2001,Aug 2001,Sep 2001,Oct 2001,Nov 2001,Dec 2001,Jan 2002,Feb 2002,Mar 2002,Apr 2002,May 2002,Jun 2002,Jul 2002,Aug 2002,Sep 2002,Oct 2002,Nov 2002,Dec 2002,Jan 2003,Feb 2003,Mar 2003,Apr 2003,May 2003,Jun 2003,Jul 2003,Aug 2003,Sep 2003,Oct 2003,Nov 2003,Dec 2003,Jan 2004,Feb 2004,Mar 2004,Apr 2004,May 2004,Jun 2004,Jul 2004,Aug 2004,Sep 2004,Oct 2004,Nov 2004,Dec 2004,Jan 2005,Feb 2005,Mar 2005,Apr 2005,May 2005,Jun 2005,Jul 2005,Aug 2005,Sep 2005,Oct 2005,Nov 2005,Dec 2005,Jan 2006,Feb 2006,Mar 2006,Apr 2006,May 2006,Jun 2006,Jul 2006,Aug 2006,Sep 2006,Oct 2006,Nov 2006,Dec 2006,Jan 2007,Feb 2007,Mar 2007,Apr 2007,May 2007,Jun 2007,Jul 2007,Aug 2007,Sep 2007,Oct 2007,Nov 2007,Dec 2007,Jan 2008,Feb 2008,Mar 2008,Apr 2008,May 2008,Jun 2008,Jul 2008,Aug 2008,Sep 2008,Oct 2008,Nov 2008,Dec 2008,Jan 2009,Feb 2009,Mar 2009,Apr 2009,May 2009,Jun 2009,Jul 2009,Aug 2009,Sep 2009,Oct 2009,Nov 2009,Dec 2009,Jan 2010,Feb 2010,Mar 2010,Apr 2010,May 2010,Jun 2010,Jul 2010,Aug 2010,Sep 2010,Oct 2010,Nov 2010,Dec 2010,Jan 2011,Feb 2011,Mar 2011,Apr 2011,May 2011,Jun 2011,Jul 2011,Aug 2011,Sep 2011,Oct 2011,Nov 2011,Dec 2011,Jan 2012,Feb 2012,Mar 2012,Apr 2012,May 2012,Jun 2012,Jul 2012,Aug 2012,Sep 2012,Oct 2012,Nov 2012,Dec 2012,Jan 2013,Feb 2013,Mar 2013,Apr 2013,May 2013,Jun 2013,Jul 2013,Aug 2013,Sep 2013,Oct 2013,Nov 2013,Dec 2013,Jan 2014,Feb 2014,Mar 2014,Apr 2014,May 2014,Jun 2014,Jul 2014,Aug 2014,Sep 2014,Oct 2014,Nov 2014,Dec 2014,Jan 2015,Feb 2015,Mar 2015,Apr 2015,May 2015,Jun 2015,Jul 2015,Aug 2015,Sep 2015,Oct 2015,Nov 2015,Dec 2015,Jan 2016,Feb 2016,Mar 2016,Apr 2016,May 2016,Jun 2016,Jul 2016,Aug 2016,Sep 2016,Oct 2016,Nov 2016,Dec 2016,Jan 2017,Feb 2017,Mar 2017,Apr 2017,May 2017,Jun 2017,Jul 2017,Aug 2017,Sep 2017,Oct 2017,Nov 2017,Dec 2017,Jan 2018,Feb 2018,Mar 2018,Apr 2018,May 2018,Jun 2018,Jul 2018,Aug 2018,Sep 2018,Oct 2018,Nov 2018,Dec 2018,Jan 2019,Feb 2019,Mar 2019,Apr 2019,May 2019,Jun 2019,Jul 2019,Aug 2019,Sep 2019,Oct 2019,Nov 2019,Dec 2019,Jan 2020,Feb 2020,Mar 2020,Apr 2020,May 2020,Jun 2020,Jul 2020,Aug 2020,Sep 2020,Oct 2020,Nov 2020,Dec 2020,Jan 2021,Feb 2021,Mar 2021,Apr 2021,May 2021,Jun 2021,Jul 2021,Aug 2021,Sep 2021,Oct 2021,Nov 2021,Dec 2021,Jan 2022,Feb 2022,Mar 2022,Apr 2022,May 2022,Jun 2022,Jul 2022
,World,,,,,,,,,,,,,,,,,,,,,,,,,,,,,,,,,,,,,,,,,,,,,,,,,,,,,,,,,,,,,,,,,,,,,,,,,,,,,,,,,,,,,,,,,,,,,,,,,,,,,,,,,,,,,,,,,,,,,,,,,,,,,,,,,,,,,,,,,,,,,,,,,,,,,,,,,,,,,,,,,,,,,,,,,,,,,,,,,,,,,,,,,,,,,,,,,,,,,,,,,,,,,,,,,,,,,,,,,,,,,,,,,,,,,,,,,,,,,,,,,,,,,,,,,,,,,,,,,,,,,,,,,,,,,,,,,,,,,,,,,,,,,,,,,,,,,,,,,,,,,,,,,,,,,,,,,,,,,,,,,,,,,,,,,,,,,,,,,,,,,,,,,,,,,,,,,,,,,,,,,,,,,,,,,,,,,,,,,,,,,,,,,,,,,,,,,,,,,,,,,,,,,,,,,,,,,,,,,,,,,,,,,,,,,,,,,,,,,,,,,,,,,,,,,,,,,,,,,,,,,,,,,,,,,,,,,,,,,,,,,,,,,,,,,,,,,,,,,,,,,,,,,,,,,,,,,,,,,,,,,,,,,,,,,,,,,,,,,,,,,,,,,,,,,,,,,,,,,,,,,,,,,,,,,,,,,,,,,,,,,,,,,,,,,,,,,,,
,    Production,,,,,,,,,,,,,,,,,,,,,,,,,,,,,,,,,,,,,,,,,,,,,,,,,,,,,,,,,,,,,,,,,,,,,,,,,,,,,,,,,,,,,,,,,,,,,,,,,,,,,,,,,,,,,,,,,,,,,,,,,,,,,,,,,,,,,,,,,,,,,,,,,,,,,,,,,,,,,,,,,,,,,,,,,,,,,,,,,,,,,,,,,,,,,,,,,,,,,,,,,,,,,,,,,,,,,,,,,,,,,,,,,,,,,,,,,,,,,,,,,,,,,,,,,,,,,,,,,,,,,,,,,,,,,,,,,,,,,,,,,,,,,,,,,,,,,,,,,,,,,,,,,,,,,,,,,,,,,,,,,,,,,,,,,,,,,,,,,,,,,,,,,,,,,,,,,,,,,,,,,,,,,,,,,,,,,,,,,,,,,,,,,,,,,,,,,,,,,,,,,,,,,,,,,,,,,,,,,,,,,,,,,,,,,,,,,,,,,,,,,,,,,,,,,,,,,,,,,,,,,,,,,,,,,,,,,,,,,,,,,,,,,,,,,,,,,,,,,,,,,,,,,,,,,,,,,,,,,,,,,,,,,,,,,,,,,,,,,,,,,,,,,,,,,,,,,,,,,,,,,,,,,,,,,,,,,,,,,,,,,,,,,,,,,,,,,,,
,        Total petroleum and other liquids (Mb/d),,,,,,,,,,,,,,,,,,,,,,,,,,,,,,,,,,,,,,,,,,,,,,,,,,,,,,,,,,,,,,,,,,,,,,,,,,,,,,,,,,,,,,,,,,,,,,,,,,,,,,,,,,,,,,,,,,,,,,,,,,,,,,,,,,,,,,,,,,,,,,,,,,,,,,,,,,,,,,,,,,,,,,,,,,,,,,,,,,,,,,,,,,,,,,,,,,,,,,,,,,,,,,,,,,,,,,,,,,,,,,,,,,,,,,,,,,,,,,,,,,,,,,,,,,,,,,,,,,,,,,,,,,,,,,,,,,,,,,,,,,,,,,,,,,,,,,,,,,,,,,,,,,,,,,,,,,,,,,,,,,,,,,,,,,,,,,,,,,,,,,,,,,,,,,,,,,,,,,,,,,,,,,,,,,,,,,,,,,,,,,,,,,,,,,,,,,,,,,,,,,,,,,,,,,,,,,,,,,,,,,,,,,,,,,,,,,,,,,,,,,,,,,,,,,,,,,,,,,,,,,,,,,,,,,,,,,,,,,,,,,,,,,,,,,,,,,,,,,,,,,,,,,,,,,,,,,,,,,,,,,,,,,,,,,,,,,,,,,,,,,,,,,,,,,,,,,,,,,,,,,,,,,,,,,,,,,,,,,,,,,,,,,,,,,,,,,,
,"            Crude oil, NGPL, and other liquids (Mb/d)",,,,,,,,,,,,,,,,,,,,,,,,,,,,,,,,,,,,,,,,,,,,,,,,,,,,,,,,,,,,,,,,,,,,,,,,,,,,,,,,,,,,,,,,,,,,,,,,,,,,,,,,,,,,,,,,,,,,,,,,,,,,,,,,,,,,,,,,,,,,,,,,,,,,,,,,,,,,,,,,,,,,,,,,,,,,,,,,,,,,,,,,,,,,,,,,,,,,,,,,,,,,,,,,,,,,,,,,,,,,,,,,,,,,,,,,,,,,,,,,,,,,,,,,,,,,,,,,,,,,,,,,,,,,,,,,,,,,,,,,,,,,,,,,,,,,,,,,,,,,,,,,,,,,,,,,,,,,,,,,,,,,,,,,,,,,,,,,,,,,,,,,,,,,,,,,,,,,,,,,,,,,,,,,,,,,,,,,,,,,,,,,,,,,,,,,,,,,,,,,,,,,,,,,,,,,,,,,,,,,,,,,,,,,,,,,,,,,,,,,,,,,,,,,,,,,,,,,,,,,,,,,,,,,,,,,,,,,,,,,,,,,,,,,,,,,,,,,,,,,,,,,,,,,,,,,,,,,,,,,,,,,,,,,,,,,,,,,,,,,,,,,,,,,,,,,,,,,,,,,,,,,,,,,,,,,,,,,,,,,,,,,,,,,,,,,,,,
INTL.57-1-WORL-TBPD.M,                Crude oil including lease condensate (Mb/d),54389,54930,54995,55049,56323,55711,57420,56750,57744,56614,53866,54277,55474,55943,56375,57110,57279,56858,55765,54302,54841,55013,55088,54596,52420,51408,51326,50946,51181,52475,53856,55017,56741,51389,53192,53916,53133,54565,55927,54905,55140,56950,57293,57699,58596,60391,60955,62462,56833,60649,61144,60186,58262,59158,58028,58854,60089,59961,61113,62350,56705,58208,58717,59610,58596,59981,59555,60357,62477,62906,63054,61691,60148,60473,61633,62870,62667,62919,63552,63425,63183,63629,63954,63490,62348.011,62715.757,61647.494,60391.36,59778.782,60008.624,59608.899,59446.012,58297.803,55842.496,56668.926,58047.975,57891.773,58156.649,58809.342,57803.815,56994.195,56310.517,55016.126,54079.566,54190.514,54556.342,53982.612,54949.157,54696.333,54057.656,52235.578,50937.234,51782.807,53723.825,53304.037,53226.077,53081.15,54797.282,55385.984,54251.558,52762.757,49812.05,50735.958,50958.936,52658.767,52868.746,54651.57,54498.585,55152.519,54891.545,55259.509,54454.589,54576.637,54927.706,54649.651,54848.69,54467.616,55744.865,55024.725,53346.397,53805.487,54216.567,54233.57,54193.563,52956.948,54426.531,54645.468,54219.59,52782.998,51324.413,52353.12,52216.159,54095.625,55779.147,56257.011,56571.921,55650.355,55660.371,55162.501,55266.682,56447.749,57220.1,58359.093,59013.237,54978.178,55334.802,56264.428,56434.726,55634.929,54938.329,54196.69,54870.27,55674.963,55375.706,57939.915,58737.602,58130.079,58325.247,57862.849,57936.912,57137.658,57217.705,57578.918,57890.101,57606.934,57271.737,57695.987,58852.668,59206.876,60890.869,61350.139,61597.285,58706.812,58227.577,58629.775,59059.986,58980.947,59017.965,59536.219,60428.657,60511.699,61081.978,61842.351,61485.176,60921.388,61178.881,62082.423,61805.933,61238.41,60409.37,60513.802,56965.632,59513.976,59854.228,60672.389,60883.958,60637.251,60326.57,60581.691,59183.328,59006.359,59198.905,60191.613,59495.341,60534.055,60489.449,60735.218,61143.298,61259.803,60422.656,59773.365,60133.336,59005.23,59247.736,59712.625,59699.38,59960.921,60758.671,60469.679,60790.383,60602.361,60965.441,60256.832,59577.715,59713.933,59473.076,60069.081,59895.148,59921.026,60385.327,60445.99,60837.893,61138.9,60960.8,60868.7,60411,60850.1,61162,60766,60662,61273,61769,61943,62267,61842.1,62344.1,61604.1,62401.1,62413,61555,62506.4,62640.4,63036.4,62672.4,62891.4,63287.4,63237.5,63633.6,63483.5,63338.5,63337.5,63661,63737,63386,63858,64223,64672,65242,65180.2,65540.1,65527.2,66048.6,65393.8,64622.2,65068.5,65949.5,66311.9,66828,66681,66494.9,67710.7,68083.7,67964.7,67829.6,67296.3,67017.6,66879.6,65905.5,65986.6,66101.6,66946.6,66771.7,66986.7,67312.6,66988.7,65545.7,65352.7,64307.9,65819,65706,65748,66254,66236,65428.2,66449.8939788898,67065.6929233852,67098.9418523623,67757.840998242,68276.1863272534,68074.385015219,68695.1150607311,69526.1337351867,69542.8235889575,69980.3352827799,70536.2521830724,69280.2115162518,69197.4521717218,68718.723162038,69380.8485308017,68451.2263017181,67760.7557541365,66206.9841627903,68146.1337216191,68319.8297563281,67852.7837175981,67750.038797988,68100.4131725556,67692.7175591167,66957.1604746985,67028.4933215245,66824.8450599916,66288.4459997601,66859.4829316531,66705.9719154248,67186.7496723131,66914.7315145258,67465.2513584471,68876.2102237853,69006.4102229094,67352.8516746801,67750.1694219827,69368.1316152096,69883.6584064872,68809.9862937297,68772.7781804388,67977.1746860606,68603.7973446785,69058.9035217693,69660.747025097,70623.5145565358,70860.6640036287,72127.3201654836,71910.298,71885.392,71821.19,71774.387,71417.886,72973.607,73514.989,72484.561,73112.447,73727.115,73433.577,73093.329,73354.581,73664.995,73964.638,74282.019,74364.868,73968.482,73836.461,73832.036,73411.557,73470.403,74044.705,74242.989,73713.309,73710.713,73577.051,73642.262,73185.435,73182.563,74219.832,73938.321,73572.09,73907.32,73472.423,73393.865,73032.233,73344.329,73339.229,73546.258,73003.677,72612.428,73204.537,72584.078,73238.717,73965.493,73699.292,74309.542,74663.653,74752.704,74978.738,74407.701,74726.227,74733.633,75487.395,74393.744,73394.476,74394.145,74226.965,73458.713,72370.775,72783.553,72620.321,72914.734,72499.654,72637.555,73594.812,73051.849,73501.319,73952.272,74051.666,73751.962,73947.8469469612,74279.8629469612,74519.7669469612,74266.1699469612,74314.9989469612,73949.5949469612,74201.8129469612,74078.4919469612,74392.5619469612,74727.8059469612,75057.2059469612,75146.0299469612,75924.983660974,75488.702660974,74445.121660974,74294.242660974,73665.430660974,74462.103660974,74884.409660974,75310.722660974,74647.105660974,75175.765660974,76173.431660974,76553.797660974,76731.4815104322,76975.1315104322,76877.9525104322,77212.1955104322,76504.2785104322,76310.8155104322,76521.1135104322,76506.6065104322,75955.0615104322,76556.1465104322,77089.4715104322,76974.8635104322,76377.0087694,76161.6827694,76378.0827694,76745.9447694,76620.9277694,76711.7967694,77231.6337694,76998.2267694,76526.4167694,76794.1967694,77102.5227694,77507.0097694,77724.0564128041,78246.4074128041,77579.3334128041,77380.3444128041,77612.5464128041,77884.3784128041,78166.2384128041,78453.6844128041,79194.9464128041,80195.0794128041,80002.8954128041,80868.0074128041,80131.9271871,80032.0901871,80948.3231871,80578.1771871,80488.1471871,80942.9771871,81457.7301871,81196.0111871,81088.4861871,81039.0801871,81712.7811871,81893.8991871,81838.853,81094.286,80979.948,80204.962,79413.009,80126.071,80884.465,80314.991,80674.691,81832.065,82831.178,82279.631,81325.7829975151,81120.2932661566,80645.2769693765,80202.3547229461,80799.9675035325,81332.3995231853,81725.0258032124,81215.4100086107,81364.5843249588,81541.2764351838,82119.3494827765,81634.9241359293,82228.5276389383,82352.7717773655,82345.7709539584,82037.1354214592,81860.5679371702,82296.8638488097,82842.4587338768,83311.4946797904,83283.3165447637,84388.9305396035,84525.619159358,84210.5913926115,82550.3021061553,82352.3070200225,82265.7865521516,82102.2900410379,81577.0250482904,81715.9946105257,81252.8548521607,82318.7921916417,80647.096772378,82479.6619975193,83409.3804928331,83349.582351566,83029.0291162098,82124.0509368871,82317.407320249,82587.2253735774,71383.0651589953,70284.0093075017,71621.3501444307,72736.8633016893,72632.7378593442,73147.0405653751,75011.2540642574,75520.3214908918,76106.5376598704,74050.1131581644,76046.2591821186,75492.6183202258,75966.6846669815,76613.165762328,77744.1826771736,77379.3268082537,77724.8746888935,79045.9076565027,79885.0335225532,79558.0852505504,79651.1471324672,80640.279677544,80544.8530550889,79583.4834180458,78925.6540574682,79319.0462158811,
,    Consumption,,,,,,,,,,,,,,,,,,,,,,,,,,,,,,,,,,,,,,,,,,,,,,,,,,,,,,,,,,,,,,,,,,,,,,,,,,,,,,,,,,,,,,,,,,,,,,,,,,,,,,,,,,,,,,,,,,,,,,,,,,,,,,,,,,,,,,,,,,,,,,,,,,,,,,,,,,,,,,,,,,,,,,,,,,,,,,,,,,,,,,,,,,,,,,,,,,,,,,,,,,,,,,,,,,,,,,,,,,,,,,,,,,,,,,,,,,,,,,,,,,,,,,,,,,,,,,,,,,,,,,,,,,,,,,,,,,,,,,,,,,,,,,,,,,,,,,,,,,,,,,,,,,,,,,,,,,,,,,,,,,,,,,,,,,,,,,,,,,,,,,,,,,,,,,,,,,,,,,,,,,,,,,,,,,,,,,,,,,,,,,,,,,,,,,,,,,,,,,,,,,,,,,,,,,,,,,,,,,,,,,,,,,,,,,,,,,,,,,,,,,,,,,,,,,,,,,,,,,,,,,,,,,,,,,,,,,,,,,,,,,,,,,,,,,,,,,,,,,,,,,,,,,,,,,,,,,,,,,,,,,,,,,,,,,,,,,,,,,,,,,,,,,,,,,,,,,,,,,,,,,,,,,,,,,,,,,,,,,,,,,,,,,,,,,,,,,,
none,        Refined petroleum products (Mb/d),,,,,,,,,,,,,,,,,,,,,,,,,,,,,,,,,,,,,,,,,,,,,,,,,,,,,,,,,,,,,,,,,,,,,,,,,,,,,,,,,,,,,,,,,,,,,,,,,,,,,,,,,,,,,,,,,,,,,,,,,,,,,,,,,,,,,,,,,,,,,,,,,,,,,,,,,,,,,,,,,,,,,,,,,,,,,,,,,,,,,,,,,,,,,,,,,,,,,,,,,,,,,,,,,,,,,,,,,,,,,,,,,,,,,,,,,,,,,,,,,,,,,,,,,,,,,,,,,,,,,,,,,,,,,,,,,,,,,,,,,,,,,,,,,,,,,,,,,,,,,,,,,,,,,,,,,,,,,,,,,,,,,,,,,,,,,,,,,,,,,,,,,,,,,,,,,,,,,,,,,,,,,,,,,,,,,,,,,,,,,,,,,,,,,,,,,,,,,,,,,,,,,,,,,,,,,,,,,,,,,,,,,,,,,,,,,,,,,,,,,,,,,,,,,,,,,,,,,,,,,,,,,,,,,,,,,,,,,,,,,,,,,,,,,,,,,,,,,,,,,,,,,,,,,,,,,,,,,,,,,,,,,,,,,,,,,,,,,,,,,,,,,,,,,,,,,,,,,,,,,,,,,,,,,,,,,,,,,,,,,,,,,,,,,,,,,,,
,Non-OECD,,,,,,,,,,,,,,,,,,,,,,,,,,,,,,,,,,,,,,,,,,,,,,,,,,,,,,,,,,,,,,,,,,,,,,,,,,,,,,,,,,,,,,,,,,,,,,,,,,,,,,,,,,,,,,,,,,,,,,,,,,,,,,,,,,,,,,,,,,,,,,,,,,,,,,,,,,,,,,,,,,,,,,,,,,,,,,,,,,,,,,,,,,,,,,,,,,,,,,,,,,,,,,,,,,,,,,,,,,,,,,,,,,,,,,,,,,,,,,,,,,,,,,,,,,,,,,,,,,,,,,,,,,,,,,,,,,,,,,,,,,,,,,,,,,,,,,,,,,,,,,,,,,,,,,,,,,,,,,,,,,,,,,,,,,,,,,,,,,,,,,,,,,,,,,,,,,,,,,,,,,,,,,,,,,,,,,,,,,,,,,,,,,,,,,,,,,,,,,,,,,,,,,,,,,,,,,,,,,,,,,,,,,,,,,,,,,,,,,,,,,,,,,,,,,,,,,,,,,,,,,,,,,,,,,,,,,,,,,,,,,,,,,,,,,,,,,,,,,,,,,,,,,,,,,,,,,,,,,,,,,,,,,,,,,,,,,,,,,,,,,,,,,,,,,,,,,,,,,,,,,,,,,,,,,,,,,,,,,,,,,,,,,,,,,,,,,,
,    Production,,,,,,,,,,,,,,,,,,,,,,,,,,,,,,,,,,,,,,,,,,,,,,,,,,,,,,,,,,,,,,,,,,,,,,,,,,,,,,,,,,,,,,,,,,,,,,,,,,,,,,,,,,,,,,,,,,,,,,,,,,,,,,,,,,,,,,,,,,,,,,,,,,,,,,,,,,,,,,,,,,,,,,,,,,,,,,,,,,,,,,,,,,,,,,,,,,,,,,,,,,,,,,,,,,,,,,,,,,,,,,,,,,,,,,,,,,,,,,,,,,,,,,,,,,,,,,,,,,,,,,,,,,,,,,,,,,,,,,,,,,,,,,,,,,,,,,,,,,,,,,,,,,,,,,,,,,,,,,,,,,,,,,,,,,,,,,,,,,,,,,,,,,,,,,,,,,,,,,,,,,,,,,,,,,,,,,,,,,,,,,,,,,,,,,,,,,,,,,,,,,,,,,,,,,,,,,,,,,,,,,,,,,,,,,,,,,,,,,,,,,,,,,,,,,,,,,,,,,,,,,,,,,,,,,,,,,,,,,,,,,,,,,,,,,,,,,,,,,,,,,,,,,,,,,,,,,,,,,,,,,,,,,,,,,,,,,,,,,,,,,,,,,,,,,,,,,,,,,,,,,,,,,,,,,,,,,,,,,,,,,,,,,,,,,,,,,,
,        Total petroleum and other liquids (Mb/d),,,,,,,,,,,,,,,,,,,,,,,,,,,,,,,,,,,,,,,,,,,,,,,,,,,,,,,,,,,,,,,,,,,,,,,,,,,,,,,,,,,,,,,,,,,,,,,,,,,,,,,,,,,,,,,,,,,,,,,,,,,,,,,,,,,,,,,,,,,,,,,,,,,,,,,,,,,,,,,,,,,,,,,,,,,,,,,,,,,,,,,,,,,,,,,,,,,,,,,,,,,,,,,,,,,,,,,,,,,,,,,,,,,,,,,,,,,,,,,,,,,,,,,,,,,,,,,,,,,,,,,,,,,,,,,,,,,,,,,,,,,,,,,,,,,,,,,,,,,,,,,,,,,,,,,,,,,,,,,,,,,,,,,,,,,,,,,,,,,,,,,,,,,,,,,,,,,,,,,,,,,,,,,,,,,,,,,,,,,,,,,,,,,,,,,,,,,,,,,,,,,,,,,,,,,,,,,,,,,,,,,,,,,,,,,,,,,,,,,,,,,,,,,,,,,,,,,,,,,,,,,,,,,,,,,,,,,,,,,,,,,,,,,,,,,,,,,,,,,,,,,,,,,,,,,,,,,,,,,,,,,,,,,,,,,,,,,,,,,,,,,,,,,,,,,,,,,,,,,,,,,,,,,,,,,,,,,,,,,,,,,,,,,,,,,,,,,
,"            Crude oil, NGPL, and other liquids (Mb/d)",,,,,,,,,,,,,,,,,,,,,,,,,,,,,,,,,,,,,,,,,,,,,,,,,,,,,,,,,,,,,,,,,,,,,,,,,,,,,,,,,,,,,,,,,,,,,,,,,,,,,,,,,,,,,,,,,,,,,,,,,,,,,,,,,,,,,,,,,,,,,,,,,,,,,,,,,,,,,,,,,,,,,,,,,,,,,,,,,,,,,,,,,,,,,,,,,,,,,,,,,,,,,,,,,,,,,,,,,,,,,,,,,,,,,,,,,,,,,,,,,,,,,,,,,,,,,,,,,,,,,,,,,,,,,,,,,,,,,,,,,,,,,,,,,,,,,,,,,,,,,,,,,,,,,,,,,,,,,,,,,,,,,,,,,,,,,,,,,,,,,,,,,,,,,,,,,,,,,,,,,,,,,,,,,,,,,,,,,,,,,,,,,,,,,,,,,,,,,,,,,,,,,,,,,,,,,,,,,,,,,,,,,,,,,,,,,,,,,,,,,,,,,,,,,,,,,,,,,,,,,,,,,,,,,,,,,,,,,,,,,,,,,,,,,,,,,,,,,,,,,,,,,,,,,,,,,,,,,,,,,,,,,,,,,,,,,,,,,,,,,,,,,,,,,,,,,,,,,,,,,,,,,,,,,,,,,,,,,,,,,,,,,,,,,,,,,,,
INTL.57-1-NOEC-TBPD.M,                Crude oil including lease condensate (Mb/d),,,,,,,,,,,,,,,,,,,,,,,,,,,,,,,,,,,,,,,,,,,,,,,,,,,,,,,,,,,,,,,,,,,,,,,,,,,,,,,,,,,,,,,,,,,,,,,,,,,,,,,,,,,,,,,,,,,,,,,,,,,,,,,,,,,,,,,,,,,,,,,,,,,,,,,,,,,,,,,,,,,,,,,,,,,,,,,,,,,,,,,,,,,,,,,,,,,,,,,,,,,,,,,,,,,,,,,,,,,,,,,,,,,,,,,,,,,,,,,,,43989.444,44087.048,43322.946,42735.996,42850.114,42913.894,43099.875,42954.554,43035.327,43070.152,42800.171,43085.346,43462.2,43191.1,43208,42908.3,43233.4,43475.3,43260.3,43060.3,43391.3,43619.3,43729.3,43721.3,43651.8,44066.8,43502.8,44174.8,44434.7,44145.7,44456.1,44759.1,44570.1,44816.1,44329.1,44516.1,44577.3,44815.3,44697.3,44593.3,44840.3,44985.8,45013.8,45001.8,45110.8,45333.8,45553.8,45975.8,45998,46229,46476,46902.4,46653.6,46162,46108.2,47296.2,47268.2,47345.2,47228.2,46861.2,48261.3,48677.3,48677.3,48379.3,48352.2,48036.3,47780.3,47504.3,47604.3,47531.3,47928.3,47755.3,48147.8,48571.8,48480.8,47162.8,47047.8,46546.8,47293.8,47473.8,47515.8,47621.8,47129.8,46344.9,47588.0338782473,48232.1304234379,48243.4894895706,49239.6871014742,49871.5059574894,49605.0408443491,50017.4554458505,51174.3398422421,51314.4974981324,51805.8037828315,51879.6127248769,50498.8085926499,50365.3411599754,50146.3086522825,50603.1571652986,49813.3198888932,49555.5623622636,48239.6789510439,49628.3843245697,50113.5599013951,49290.8928128978,49179.5501554429,49433.3798576788,48453.6321059154,47992.76401755,48063.6435697975,48308.6139721468,47285.5502883886,48165.3202415997,48097.2190633989,48669.0986557674,48746.9352985475,49605.4920856551,50555.8154763908,50499.6750597137,48604.9218906101,49066.8640982612,50590.0860245238,51178.6221754296,50487.57424635,50647.1889564036,50036.1834812682,50277.4247667255,50987.2915164758,51489.3101504515,52297.6339480878,52515.0355692499,53363.3718900276,53499.606,53592.776,53464.267,53557.216,53411.715,54834.134,55438.903,55362.777,56043.06,56278.684,55636.933,55678.477,55930.424,56182.558,56454.39,56515.061,56512.266,56843.945,56976.459,57043.149,57572.575,57284.582,57274.147,57128.524,56673.095,56848.457,56852.101,56955.079,56604.56,56948.416,57519.691,57611.08,57263.286,57339.209,56837.703,56784.881,56565.107,56613.187,56707.22,56806.568,56625.98,56666.938,56829.917,56817.945,57191.84,57708.152,57586.378,58269.495,58699.712,58775.125,58957.976,58582.38,58851.37,59191.128,59510.938,59013.113,58903.105,58892.277,58253.771,57519.472,56576.432,56703.205,56685.744,57189.584,57086.095,57333.041,57713.858,57738.673,57987.016,58076.551,58063.936,57927.281,58226.5739469612,58392.9399469612,58419.9839469612,58237.7089469612,58415.4489469612,58622.5369469612,58678.6279469612,58679.1019469612,58798.6239469612,58747.5279469612,58946.2929469612,59019.6859469612,59962.752660974,59869.281660974,58571.765660974,58320.568660974,58339.148660974,59056.701660974,59361.513660974,59548.546660974,59116.501660974,58942.516660974,59743.805660974,60073.286660974,60232.2715104322,60224.0365104322,60334.6915104322,60474.4665104322,60016.0005104322,60032.7495104322,59987.7985104322,60253.7845104322,59946.6845104322,59696.0615104322,59853.1695104322,59462.2625104322,59164.2667694,58971.2667694,58998.5897694,59306.3537694,59409.5327694,59701.8297694,59524.1157694,59356.9227694,58807.0747694,59110.0507694,58864.2707694,59056.4277694,59219.7544128041,59545.5094128041,58722.9204128041,58560.6894128041,58921.2124128041,59069.5264128041,59165.5524128041,59629.8564128041,59957.9104128041,60500.5654128041,60260.3644128041,60755.8024128041,60250.4661871,60013.6361871,61005.4031871,60826.4941871,61165.9841871,61531.6891871,61620.0381871,61334.4841871,61574.1261871,61295.5761871,61786.6091871,61951.5241871,62019.702,61610.073,61567.618,61429.341,61385.656,62177.096,62085.484,61570.447,62280.106,62813.804,63332.239,63172.382,62130.7753428405,61621.6019715782,61280.1396932733,61271.8496583323,61786.5221072093,62344.3476707665,62335.2823536085,61855.0699746753,62204.1743715318,61930.8269063206,61842.6235987612,61569.4039550087,61873.7950694865,61733.2582924829,61585.9866094126,61421.4697597103,61407.3146018704,61582.3287454186,61606.2910520086,61554.2702124113,61944.1890453873,62398.1931001646,62157.5990572627,61674.4465976968,60611.5246317524,60458.2686589657,60110.7870618456,59724.9990932179,59495.052295192,59791.0222210409,59335.8285483935,59836.4334200049,58126.5543411461,59564.2635151827,59855.3562844774,59683.4587468861,59616.2403042665,58587.7740279638,58967.0711752528,60471.5203279095,51828.0730624215,50259.3321196581,50938.9765798738,52556.0349096472,52310.473531191,52856.1353614413,53598.7028378644,53786.6681831754,54450.4049910328,53875.3277306204,54235.1119898743,54404.4789902843,54885.8719380686,55451.7553972872,56168.5899139277,55843.2806606719,56652.7193073259,57002.9413152546,57682.662109461,57624.4432676132,58221.3581560269,58998.3802787279,58586.110524551,57842.5788650035,57483.5423686309,57836.3263430993,
,    Consumption,,,,,,,,,,,,,,,,,,,,,,,,,,,,,,,,,,,,,,,,,,,,,,,,,,,,,,,,,,,,,,,,,,,,,,,,,,,,,,,,,,,,,,,,,,,,,,,,,,,,,,,,,,,,,,,,,,,,,,,,,,,,,,,,,,,,,,,,,,,,,,,,,,,,,,,,,,,,,,,,,,,,,,,,,,,,,,,,,,,,,,,,,,,,,,,,,,,,,,,,,,,,,,,,,,,,,,,,,,,,,,,,,,,,,,,,,,,,,,,,,,,,,,,,,,,,,,,,,,,,,,,,,,,,,,,,,,,,,,,,,,,,,,,,,,,,,,,,,,,,,,,,,,,,,,,,,,,,,,,,,,,,,,,,,,,,,,,,,,,,,,,,,,,,,,,,,,,,,,,,,,,,,,,,,,,,,,,,,,,,,,,,,,,,,,,,,,,,,,,,,,,,,,,,,,,,,,,,,,,,,,,,,,,,,,,,,,,,,,,,,,,,,,,,,,,,,,,,,,,,,,,,,,,,,,,,,,,,,,,,,,,,,,,,,,,,,,,,,,,,,,,,,,,,,,,,,,,,,,,,,,,,,,,,,,,,,,,,,,,,,,,,,,,,,,,,,,,,,,,,,,,,,,,,,,,,,,,,,,,,,,,,,,,,,,,,,,,
none,        Refined petroleum products (Mb/d),,,,,,,,,,,,,,,,,,,,,,,,,,,,,,,,,,,,,,,,,,,,,,,,,,,,,,,,,,,,,,,,,,,,,,,,,,,,,,,,,,,,,,,,,,,,,,,,,,,,,,,,,,,,,,,,,,,,,,,,,,,,,,,,,,,,,,,,,,,,,,,,,,,,,,,,,,,,,,,,,,,,,,,,,,,,,,,,,,,,,,,,,,,,,,,,,,,,,,,,,,,,,,,,,,,,,,,,,,,,,,,,,,,,,,,,,,,,,,,,,,,,,,,,,,,,,,,,,,,,,,,,,,,,,,,,,,,,,,,,,,,,,,,,,,,,,,,,,,,,,,,,,,,,,,,,,,,,,,,,,,,,,,,,,,,,,,,,,,,,,,,,,,,,,,,,,,,,,,,,,,,,,,,,,,,,,,,,,,,,,,,,,,,,,,,,,,,,,,,,,,,,,,,,,,,,,,,,,,,,,,,,,,,,,,,,,,,,,,,,,,,,,,,,,,,,,,,,,,,,,,,,,,,,,,,,,,,,,,,,,,,,,,,,,,,,,,,,,,,,,,,,,,,,,,,,,,,,,,,,,,,,,,,,,,,,,,,,,,,,,,,,,,,,,,,,,,,,,,,,,,,,,,,,,,,,,,,,,,,,,,,,,,,,,,,,,,,
,OECD,,,,,,,,,,,,,,,,,,,,,,,,,,,,,,,,,,,,,,,,,,,,,,,,,,,,,,,,,,,,,,,,,,,,,,,,,,,,,,,,,,,,,,,,,,,,,,,,,,,,,,,,,,,,,,,,,,,,,,,,,,,,,,,,,,,,,,,,,,,,,,,,,,,,,,,,,,,,,,,,,,,,,,,,,,,,,,,,,,,,,,,,,,,,,,,,,,,,,,,,,,,,,,,,,,,,,,,,,,,,,,,,,,,,,,,,,,,,,,,,,,,,,,,,,,,,,,,,,,,,,,,,,,,,,,,,,,,,,,,,,,,,,,,,,,,,,,,,,,,,,,,,,,,,,,,,,,,,,,,,,,,,,,,,,,,,,,,,,,,,,,,,,,,,,,,,,,,,,,,,,,,,,,,,,,,,,,,,,,,,,,,,,,,,,,,,,,,,,,,,,,,,,,,,,,,,,,,,,,,,,,,,,,,,,,,,,,,,,,,,,,,,,,,,,,,,,,,,,,,,,,,,,,,,,,,,,,,,,,,,,,,,,,,,,,,,,,,,,,,,,,,,,,,,,,,,,,,,,,,,,,,,,,,,,,,,,,,,,,,,,,,,,,,,,,,,,,,,,,,,,,,,,,,,,,,,,,,,,,,,,,,,,,,,,,,,,,,
,    Production,,,,,,,,,,,,,,,,,,,,,,,,,,,,,,,,,,,,,,,,,,,,,,,,,,,,,,,,,,,,,,,,,,,,,,,,,,,,,,,,,,,,,,,,,,,,,,,,,,,,,,,,,,,,,,,,,,,,,,,,,,,,,,,,,,,,,,,,,,,,,,,,,,,,,,,,,,,,,,,,,,,,,,,,,,,,,,,,,,,,,,,,,,,,,,,,,,,,,,,,,,,,,,,,,,,,,,,,,,,,,,,,,,,,,,,,,,,,,,,,,,,,,,,,,,,,,,,,,,,,,,,,,,,,,,,,,,,,,,,,,,,,,,,,,,,,,,,,,,,,,,,,,,,,,,,,,,,,,,,,,,,,,,,,,,,,,,,,,,,,,,,,,,,,,,,,,,,,,,,,,,,,,,,,,,,,,,,,,,,,,,,,,,,,,,,,,,,,,,,,,,,,,,,,,,,,,,,,,,,,,,,,,,,,,,,,,,,,,,,,,,,,,,,,,,,,,,,,,,,,,,,,,,,,,,,,,,,,,,,,,,,,,,,,,,,,,,,,,,,,,,,,,,,,,,,,,,,,,,,,,,,,,,,,,,,,,,,,,,,,,,,,,,,,,,,,,,,,,,,,,,,,,,,,,,,,,,,,,,,,,,,,,,,,,,,,,,,
,        Total petroleum and other liquids (Mb/d),,,,,,,,,,,,,,,,,,,,,,,,,,,,,,,,,,,,,,,,,,,,,,,,,,,,,,,,,,,,,,,,,,,,,,,,,,,,,,,,,,,,,,,,,,,,,,,,,,,,,,,,,,,,,,,,,,,,,,,,,,,,,,,,,,,,,,,,,,,,,,,,,,,,,,,,,,,,,,,,,,,,,,,,,,,,,,,,,,,,,,,,,,,,,,,,,,,,,,,,,,,,,,,,,,,,,,,,,,,,,,,,,,,,,,,,,,,,,,,,,,,,,,,,,,,,,,,,,,,,,,,,,,,,,,,,,,,,,,,,,,,,,,,,,,,,,,,,,,,,,,,,,,,,,,,,,,,,,,,,,,,,,,,,,,,,,,,,,,,,,,,,,,,,,,,,,,,,,,,,,,,,,,,,,,,,,,,,,,,,,,,,,,,,,,,,,,,,,,,,,,,,,,,,,,,,,,,,,,,,,,,,,,,,,,,,,,,,,,,,,,,,,,,,,,,,,,,,,,,,,,,,,,,,,,,,,,,,,,,,,,,,,,,,,,,,,,,,,,,,,,,,,,,,,,,,,,,,,,,,,,,,,,,,,,,,,,,,,,,,,,,,,,,,,,,,,,,,,,,,,,,,,,,,,,,,,,,,,,,,,,,,,,,,,,,,,,,
,"            Crude oil, NGPL, and other liquids (Mb/d)",,,,,,,,,,,,,,,,,,,,,,,,,,,,,,,,,,,,,,,,,,,,,,,,,,,,,,,,,,,,,,,,,,,,,,,,,,,,,,,,,,,,,,,,,,,,,,,,,,,,,,,,,,,,,,,,,,,,,,,,,,,,,,,,,,,,,,,,,,,,,,,,,,,,,,,,,,,,,,,,,,,,,,,,,,,,,,,,,,,,,,,,,,,,,,,,,,,,,,,,,,,,,,,,,,,,,,,,,,,,,,,,,,,,,,,,,,,,,,,,,,,,,,,,,,,,,,,,,,,,,,,,,,,,,,,,,,,,,,,,,,,,,,,,,,,,,,,,,,,,,,,,,,,,,,,,,,,,,,,,,,,,,,,,,,,,,,,,,,,,,,,,,,,,,,,,,,,,,,,,,,,,,,,,,,,,,,,,,,,,,,,,,,,,,,,,,,,,,,,,,,,,,,,,,,,,,,,,,,,,,,,,,,,,,,,,,,,,,,,,,,,,,,,,,,,,,,,,,,,,,,,,,,,,,,,,,,,,,,,,,,,,,,,,,,,,,,,,,,,,,,,,,,,,,,,,,,,,,,,,,,,,,,,,,,,,,,,,,,,,,,,,,,,,,,,,,,,,,,,,,,,,,,,,,,,,,,,,,,,,,,,,,,,,,,,,,,,
INTL.57-1-OECD-TBPD.M,                Crude oil including lease condensate (Mb/d),,,,,,,,,,,,,,,,,,,,,,,,,,,,,,,,,,,,,,,,,,,,,,,,,,,,,,,,,,,,,,,,,,,,,,,,,,,,,,,,,,,,,,,,,,,,,,,,,,,,,,,,,,,,,,,,,,,,,,,,,,,,,,,,,,,,,,,,,,,,,,,,,,,,,,,,,,,,,,,,,,,,,,,,,,,,,,,,,,,,,,,,,,,,,,,,,,,,,,,,,,,,,,,,,,,,,,,,,,,,,,,,,,,,,,,,,,,,,,,,,16612.917,16878.393,16933.886,16841.719,16863.819,16559.182,16969.206,16940.594,16885.699,17315.175,17645.819,17752.547,17676.7,17769.7,17660.7,17502.7,17616.7,17686.7,17505.7,17601.7,17881.7,18149.7,18213.7,18545.7,18190.3,18277.3,18101.3,18226.3,17978.3,17409.3,18050.3,17881.3,18466.3,17856.3,18562.3,18771.3,18660.2,18818.3,18786.2,18745.2,18497.2,18675.2,18723.2,18384.2,18747.2,18889.2,19118.2,19266.2,19182.2,19311.1,19051.2,19146.2,18740.2,18460.2,18960.3,18653.3,19043.7,19482.8,19452.8,19633.7,19449.4,19406.4,19287.4,19450.3,18944.1,18981.3,19099.3,18401.2,18382.3,18570.3,19018.3,19016.4,18838.9,18740.8,18507.9,18382.9,18304.9,17761.1,18525.2,18232.2,18232.2,18632.2,19106.2,19083.3,18861.8601006425,18833.5624999474,18855.4523627917,18518.1538967678,18404.6803697639,18469.3441708699,18677.6596148806,18351.7938929446,18228.3260908251,18174.5314999484,18656.6394581955,18781.4029236018,18832.1110117464,18572.4145097555,18777.6913655031,18637.906412825,18205.1933918729,17967.3052117464,18517.7493970494,18206.269854933,18561.8909047004,18570.4886425451,18667.0333148769,19239.0854532014,18964.3964571484,18964.849751727,18516.2310878448,19002.8957113715,18694.1626900534,18608.7528520259,18517.6510165457,18167.7962159783,17859.759272792,18320.3947473945,18506.7351631957,18747.92978407,18683.3053237215,18778.0455906858,18705.0362310576,18322.4120473797,18125.5892240352,17940.9912047924,18326.372577953,18071.6120052936,18171.4368746454,18325.8806084479,18345.6284343788,18763.948275456,18410.692,18292.616,18356.923,18217.171,18006.171,18139.473,18076.086,17121.784,17069.387,17448.431,17796.644,17414.852,17424.157,17482.437,17510.248,17766.958,17852.602,17124.537,16860.002,16788.887,15838.982,16185.821,16770.558,17114.465,17040.214,16862.256,16724.95,16687.183,16580.875,16234.147,16700.141,16327.241,16308.804,16568.111,16634.72,16608.984,16467.126,16731.142,16632.009,16739.69,16377.697,15945.49,16374.62,15766.133,16046.877,16257.341,16112.914,16040.047,15963.941,15977.579,16020.762,15825.321,15874.857,15542.505,15976.457,15380.631,14491.371,15501.868,15973.194,15939.241,15794.343,16080.348,15934.577,15725.15,15413.559,15304.514,15880.954,15313.176,15514.303,15875.721,15987.73,15824.681,15721.273,15886.923,16099.783,16028.461,15899.55,15327.058,15523.185,15399.39,15593.938,15980.278,16110.913,16126.344,15962.231,15619.421,15873.356,15973.674,15326.282,15405.402,15522.896,15762.176,15530.604,16233.249,16429.626,16480.511,16499.21,16751.095,16543.261,16737.729,16488.278,16278.066,16533.315,16252.822,16008.377,16860.085,17236.302,17512.601,17212.742,17190.416,17379.493,17439.591,17211.395,17009.967,17707.518,17641.304,17719.342,17684.146,18238.252,18450.582,18504.302,18700.898,18856.413,18819.655,18691.334,18814.852,19000.686,18823.828,19237.036,19694.514,19742.531,20112.205,19881.461,20018.454,19942.92,19751.683,19322.163,19411.288,19837.692,19861.527,19514.36,19743.504,19926.172,19942.375,19819.151,19484.213,19412.33,18775.621,18027.353,17948.975,18798.981,18744.544,18394.585,19018.261,19498.939,19107.249,19195.0076546746,19498.6912945784,19365.1372761032,18930.5050646138,19013.4453963233,18988.0518524188,19389.743449604,19360.3400339353,19160.409953427,19610.4495288631,20276.7258840153,20065.5201809206,20354.7325694518,20619.5134848826,20759.7843445458,20615.6656617489,20453.2533352997,20714.5351033911,21236.1676818682,21757.2244673791,21339.1274993763,21990.7374394389,22368.0201020953,22536.1447949147,21938.7774744029,21894.0383610568,22154.999490306,22377.29094782,22081.9727530984,21924.9723894848,21917.0263037671,22482.3587716369,22520.5424312319,22915.3984823366,23554.0242083556,23666.1236046799,23412.7888119433,23536.2769089233,23350.3361449962,22115.7050456679,19554.9920965738,20024.6771878436,20682.3735645569,20180.8283920421,20322.2643281533,20290.9052039338,21412.5512263929,21733.6533077164,21656.1326688376,20174.785427544,21811.1471922443,21088.1393299416,21080.812728913,21161.4103650408,21575.5927632459,21536.0461475818,21072.1553815677,22042.966341248,22202.3714130922,21933.6419829372,21429.7889764404,21641.899398816,21958.7425305378,21740.9045530423,21442.1116888373,21482.7198727818,
,    Consumption,,,,,,,,,,,,,,,,,,,,,,,,,,,,,,,,,,,,,,,,,,,,,,,,,,,,,,,,,,,,,,,,,,,,,,,,,,,,,,,,,,,,,,,,,,,,,,,,,,,,,,,,,,,,,,,,,,,,,,,,,,,,,,,,,,,,,,,,,,,,,,,,,,,,,,,,,,,,,,,,,,,,,,,,,,,,,,,,,,,,,,,,,,,,,,,,,,,,,,,,,,,,,,,,,,,,,,,,,,,,,,,,,,,,,,,,,,,,,,,,,,,,,,,,,,,,,,,,,,,,,,,,,,,,,,,,,,,,,,,,,,,,,,,,,,,,,,,,,,,,,,,,,,,,,,,,,,,,,,,,,,,,,,,,,,,,,,,,,,,,,,,,,,,,,,,,,,,,,,,,,,,,,,,,,,,,,,,,,,,,,,,,,,,,,,,,,,,,,,,,,,,,,,,,,,,,,,,,,,,,,,,,,,,,,,,,,,,,,,,,,,,,,,,,,,,,,,,,,,,,,,,,,,,,,,,,,,,,,,,,,,,,,,,,,,,,,,,,,,,,,,,,,,,,,,,,,,,,,,,,,,,,,,,,,,,,,,,,,,,,,,,,,,,,,,,,,,,,,,,,,,,,,,,,,,,,,,,,,,,,,,,,,,,,,,,,,,,
INTL.54-2-OECD-TBPD.M,        Refined petroleum products (Mb/d),,,,,,,,,,,,,,,,,,,,,,,,,,,,,,,,,,,,,,,,,,,,,,,,,,,,,,,,,,,,,,,,,,,,,,,,,,,,,,,,,,,,,18851,18817,17376,16784,16237,16187,16007,15752,16598,16994,16702,18410,18429,16988,15906,15349,15353,16094,15682,15262,15654,15821,15592,16596,31461,32613,31244,30180,27625,28177,27701,27394,28099,27909,29232,30170,28384,29982,29898,27732,26791,27950,26987,28186,28713,28134,29838,32198,39502.1290322581,39852.8965517241,39588.8064516129,36730.1666666667,36844.8064516129,36621.4,36305.2903225806,37342.8709677419,36416.6666666667,37539.9677419355,38605.6,38410.7096774194,40555,40556.5357142857,37320.5806451613,36251.8,35610.935483871,35389.2666666667,36485.7096774194,37121.9677419355,36317,38106.3870967742,37948.2,39881.3870967742,38966.0322580645,40987.9642857143,38638.935483871,38650.7666666667,36959.0967741935,37558.1666666667,38049.2258064516,38096.6129032258,38090.1666666667,38899.3225806452,38567.1333333333,41846.5483870968,40289.4193548387,41163.4642857143,39876.9677419355,38370.3666666667,36550.935483871,38909.4333333333,39582.6129032258,38173.2580645161,39474,39558.064516129,39774.2333333333,42572.5483870968,39812.7741935484,42634.4827586207,42467.8709677419,38713.3,37648.4516129032,40113.8333333333,39233.064516129,40259.5161290323,40329.9666666667,40747,43583.9,45058.7419354839,41255.0967741935,43412.6071428571,43082.7419354839,39586.0666666667,39164.1290322581,40828.3333333333,39135.2903225806,41107.5806451613,40640.6666666667,41874.8709677419,43263.2666666667,45420.4193548387,42292.5161290323,43183.4285714286,42225.6129032258,40279.3333333333,40388.5161290323,41058.7333333333,41918.7741935484,43203.2580645161,40389.9666666667,41148.4838709677,41787.3,42318.4516129032,44244.2258064516,42941.9642857143,40880.8709677419,40799.1,40608.5161290323,41093.3333333333,41247.935483871,41460.0967741935,41018.7666666667,43019.5161290323,43012.9,44475.3870967742,44437.9032258065,44426.1379310345,43553.064516129,42662.1333333333,40347.0967741936,42044.3,42919.2258064516,41618.3870967742,43260.6333333333,43357.7096774194,44049.7,45939.9032258065,42190.064516129,45468.75,45686.5161290323,42770.1666666667,40354.6774193548,42949.4,42863.3870967742,42243.5483870968,43811.6333333333,43137.3225806452,45741.5333333333,47277.1935483871,44610.1935483871,47350.4642857143,45787.935483871,43869.6,42265.6451612903,44282.4,43686.8064516129,44909.7741935484,44955.9,44703.7741935484,45939.1,47873.8064516129,45165.3548387097,47742.2857142857,46714.3870967742,44116.0666666667,43452.2258064516,44515.1,43194.5161290323,45089.2903225806,45307.0666666667,44567.7741935484,47348.5666666667,48257.3548387097,47171.4838709677,49220.5517241379,47436.4838709677,45267.5666666667,44360.5806451613,44432.8333333333,45764.7419354839,45939.7419354839,45629.6333333333,47696.9032258065,47563.5666666667,48165.2258064516,48270.1290322581,48331.25,46016.0967741935,46919.2666666667,45020,46259.0333333333,47549.3870967742,45943.6129032258,47481.8333333333,48182.2903225806,47482.0333333333,49930.8709677419,46950.5483870968,48377.5,48178.7419354839,46432,44419.1935483871,47110.4,47748.7419354839,46775.2258064516,47189.0333333333,47492.2903225806,48315.9666666667,50351.064516129,47622.5806451613,50141.0714285714,50589.2903225807,46862.9333333333,44905.0322580645,47710.0333333333,47502.9677419355,47701.7096774194,48200.9,48082.1290322581,49119.8666666667,51903.4516129032,47091.1612903226,50101.1379310345,49174.3225806452,46180.4666666667,47183.3870967742,47813.6333333333,47112.6129032258,49680.064516129,48801.5333333333,48200.7741935484,48682.4333333333,50473.7419354839,49696.3225806452,49607.7857142857,49142.4193548387,47111.5,47099.8387096774,47222.3666666667,48128.8709677419,48886.935483871,47513.6,48168.7419354839,48928.1,48910.7096774194,48905.2258064516,49290.3214285714,48304.1290322581,47334.3,46366.5806451613,47262.5333333333,48646.2258064516,48207.3548387097,48037.0333333333,48731.4193548387,49624.2333333333,50453.0967741936,49623.2903225806,51650.9285714286,49006.3548387097,48232.8333333333,47299.8709677419,47919.6666666667,48622.9677419355,48180.8387096774,49057.5333333333,49729.1935483871,48814.7,51474.9032258065,49828.9677419355,51115.9655172414,50858.5161290323,49247.3,47347.2580645161,49237.4333333333,49697.3870967742,49475.8709677419,49899.9333333333,49989.6129032258,50681.9666666667,52135.9032258065,50425.5035483871,52103.7317142857,51707.1958387097,49033.0433333333,48452.2112580645,50198.6336666667,49262.3338709677,51029.7051612903,49584.1396666667,48503.3753870968,50916.5833333333,52704.1369354839,50604.1982258065,51672.6882857143,51393.5828064516,48227.5873333333,48586.1360322581,50079.024,49414.314516129,50377.8462580645,49650.1523333333,50070.5469032258,50902.115,50892.4648064516,49750.3138064516,51486.1585714286,50310.4954193548,48944.5356666667,48826.0756451613,49450.973,49581.924,50025.9588709677,49618.187,50558.1306774194,51068.3406666667,50490.7616129032,49852.2703225807,50546.8614827586,48503.4321290323,49007.0143333333,47823.4927419355,47541.6296666667,48214.8360645161,46995.0319354839,46881.9783333333,48544.0984516129,47014.128,48227.8499032258,47285.9450322581,47543.6671428571,47036.0935483871,45821.4546666667,44230.7649354839,45996.1896666667,45785.5930967742,45367.2354516129,46152.4906666667,46391.9770322581,45973.2213333333,47660.1156451613,45478.3039677419,47532.3268571429,47330.3670322581,46282.312,45128.474,47143.7163333333,46927.8019677419,47477.5015806452,48009.0843333333,46661.1308387097,47548.8056666667,48476.0768064516,46064.911516129,47701.3084285714,46948.4115483871,44846.406,44645.6654516129,46303.8693333333,46088.5530645161,47609.3165806452,46897.881,46146.5596774194,46610.854,47128.6300967742,45209.0063548387,47666.5332758621,45840.4529677419,44771.125,45542.0738709677,45966.2743333333,45974.1597419355,46692.1841290323,45085.0233333333,46509.5286451613,46461.8653333333,45901.6613548387,45746.6539677419,46453.7755714286,45081.0591612903,45809.9326666667,45528.7147096774,45341.6923333333,46759.2828387097,46293.736483871,45863.9123333333,46391.5451935484,46908.0603333333,46216.8562580645,45524.6587741936,46586.3172857143,45410.2032903226,45058.801,44374.9311935484,45139.0276666667,46175.4580967742,45666.0903225806,45899.2933333333,46458.6582580645,45601.913,47072.7459677419,45824.3731290323,47960.4554285714,46367.6521935484,45954.6383333333,44739.8263870968,46510.9563333333,47256.3476451613,47023.1086774194,46868.3703333333,46397.679,45816.9056666667,47480.7757741936,45521.9287419355,47771.7407586207,47181.7206451613,46219.861,45555.8976129032,46607.8383333333,46575.3996774194,48158.6222580645,47253.6256666667,46737.0089677419,47292.6993333333,48233.8292903226,46014.3281935484,46996.9408571429,47798.545516129,46130.8236666667,47169.8872903226,48167.8443333333,47667.6328387097,47960.7399354839,47582.9786666667,47365.2953548387,48531.1376666667,48428.0344516129,--,--,--,--,--,--,--,--,--,--,--,--,--,--,--,--,--,--,--,--,--,--,--,--,--,--,--,--,--,--,--,--,--,--,--,--,41864.8724193548,41959.2668571429,43765.4100645161,43290.5316666667,43276.7232258065,45556.7713333333,45580.3021612903,45612.4500967742,45974.4376666667,46222.358483871,46683.7213333333,47592.2356129032,44535.6782258065,46658.801,46113.3884193548,44679.3243333333,45065.7019032258,46369.0523333333,46333.0328709677
,Persian Gulf,,,,,,,,,,,,,,,,,,,,,,,,,,,,,,,,,,,,,,,,,,,,,,,,,,,,,,,,,,,,,,,,,,,,,,,,,,,,,,,,,,,,,,,,,,,,,,,,,,,,,,,,,,,,,,,,,,,,,,,,,,,,,,,,,,,,,,,,,,,,,,,,,,,,,,,,,,,,,,,,,,,,,,,,,,,,,,,,,,,,,,,,,,,,,,,,,,,,,,,,,,,,,,,,,,,,,,,,,,,,,,,,,,,,,,,,,,,,,,,,,,,,,,,,,,,,,,,,,,,,,,,,,,,,,,,,,,,,,,,,,,,,,,,,,,,,,,,,,,,,,,,,,,,,,,,,,,,,,,,,,,,,,,,,,,,,,,,,,,,,,,,,,,,,,,,,,,,,,,,,,,,,,,,,,,,,,,,,,,,,,,,,,,,,,,,,,,,,,,,,,,,,,,,,,,,,,,,,,,,,,,,,,,,,,,,,,,,,,,,,,,,,,,,,,,,,,,,,,,,,,,,,,,,,,,,,,,,,,,,,,,,,,,,,,,,,,,,,,,,,,,,,,,,,,,,,,,,,,,,,,,,,,,,,,,,,,,,,,,,,,,,,,,,,,,,,,,,,,,,,,,,,,,,,,,,,,,,,,,,,,,,,,,,,,,,,,,,
,Saudi Arabia,,,,,,,,,,,,,,,,,,,,,,,,,,,,,,,,,,,,,,,,,,,,,,,,,,,,,,,,,,,,,,,,,,,,,,,,,,,,,,,,,,,,,,,,,,,,,,,,,,,,,,,,,,,,,,,,,,,,,,,,,,,,,,,,,,,,,,,,,,,,,,,,,,,,,,,,,,,,,,,,,,,,,,,,,,,,,,,,,,,,,,,,,,,,,,,,,,,,,,,,,,,,,,,,,,,,,,,,,,,,,,,,,,,,,,,,,,,,,,,,,,,,,,,,,,,,,,,,,,,,,,,,,,,,,,,,,,,,,,,,,,,,,,,,,,,,,,,,,,,,,,,,,,,,,,,,,,,,,,,,,,,,,,,,,,,,,,,,,,,,,,,,,,,,,,,,,,,,,,,,,,,,,,,,,,,,,,,,,,,,,,,,,,,,,,,,,,,,,,,,,,,,,,,,,,,,,,,,,,,,,,,,,,,,,,,,,,,,,,,,,,,,,,,,,,,,,,,,,,,,,,,,,,,,,,,,,,,,,,,,,,,,,,,,,,,,,,,,,,,,,,,,,,,,,,,,,,,,,,,,,,,,,,,,,,,,,,,,,,,,,,,,,,,,,,,,,,,,,,,,,,,,,,,,,,,,,,,,,,,,,,,,,,,,,,,,,,,
,    Production,,,,,,,,,,,,,,,,,,,,,,,,,,,,,,,,,,,,,,,,,,,,,,,,,,,,,,,,,,,,,,,,,,,,,,,,,,,,,,,,,,,,,,,,,,,,,,,,,,,,,,,,,,,,,,,,,,,,,,,,,,,,,,,,,,,,,,,,,,,,,,,,,,,,,,,,,,,,,,,,,,,,,,,,,,,,,,,,,,,,,,,,,,,,,,,,,,,,,,,,,,,,,,,,,,,,,,,,,,,,,,,,,,,,,,,,,,,,,,,,,,,,,,,,,,,,,,,,,,,,,,,,,,,,,,,,,,,,,,,,,,,,,,,,,,,,,,,,,,,,,,,,,,,,,,,,,,,,,,,,,,,,,,,,,,,,,,,,,,,,,,,,,,,,,,,,,,,,,,,,,,,,,,,,,,,,,,,,,,,,,,,,,,,,,,,,,,,,,,,,,,,,,,,,,,,,,,,,,,,,,,,,,,,,,,,,,,,,,,,,,,,,,,,,,,,,,,,,,,,,,,,,,,,,,,,,,,,,,,,,,,,,,,,,,,,,,,,,,,,,,,,,,,,,,,,,,,,,,,,,,,,,,,,,,,,,,,,,,,,,,,,,,,,,,,,,,,,,,,,,,,,,,,,,,,,,,,,,,,,,,,,,,,,,,,,,,,,
,        Total petroleum and other liquids (Mb/d),,,,,,,,,,,,,,,,,,,,,,,,,,,,,,,,,,,,,,,,,,,,,,,,,,,,,,,,,,,,,,,,,,,,,,,,,,,,,,,,,,,,,,,,,,,,,,,,,,,,,,,,,,,,,,,,,,,,,,,,,,,,,,,,,,,,,,,,,,,,,,,,,,,,,,,,,,,,,,,,,,,,,,,,,,,,,,,,,,,,,,,,,,,,,,,,,,,,,,,,,,,,,,,,,,,,,,,,,,,,,,,,,,,,,,,,,,,,,,,,,,,,,,,,,,,,,,,,,,,,,,,,,,,,,,,,,,,,,,,,,,,,,,,,,,,,,,,,,,,,,,,,,,,,,,,,,,,,,,,,,,,,,,,,,,,,,,,,,,,,,,,,,,,,,,,,,,,,,,,,,,,,,,,,,,,,,,,,,,,,,,,,,,,,,,,,,,,,,,,,,,,,,,,,,,,,,,,,,,,,,,,,,,,,,,,,,,,,,,,,,,,,,,,,,,,,,,,,,,,,,,,,,,,,,,,,,,,,,,,,,,,,,,,,,,,,,,,,,,,,,,,,,,,,,,,,,,,,,,,,,,,,,,,,,,,,,,,,,,,,,,,,,,,,,,,,,,,,,,,,,,,,,,,,,,,,,,,,,,,,,,,,,,,,,,,,,,,
,"            Crude oil, NGPL, and other liquids (Mb/d)",,,,,,,,,,,,,,,,,,,,,,,,,,,,,,,,,,,,,,,,,,,,,,,,,,,,,,,,,,,,,,,,,,,,,,,,,,,,,,,,,,,,,,,,,,,,,,,,,,,,,,,,,,,,,,,,,,,,,,,,,,,,,,,,,,,,,,,,,,,,,,,,,,,,,,,,,,,,,,,,,,,,,,,,,,,,,,,,,,,,,,,,,,,,,,,,,,,,,,,,,,,,,,,,,,,,,,,,,,,,,,,,,,,,,,,,,,,,,,,,,,,,,,,,,,,,,,,,,,,,,,,,,,,,,,,,,,,,,,,,,,,,,,,,,,,,,,,,,,,,,,,,,,,,,,,,,,,,,,,,,,,,,,,,,,,,,,,,,,,,,,,,,,,,,,,,,,,,,,,,,,,,,,,,,,,,,,,,,,,,,,,,,,,,,,,,,,,,,,,,,,,,,,,,,,,,,,,,,,,,,,,,,,,,,,,,,,,,,,,,,,,,,,,,,,,,,,,,,,,,,,,,,,,,,,,,,,,,,,,,,,,,,,,,,,,,,,,,,,,,,,,,,,,,,,,,,,,,,,,,,,,,,,,,,,,,,,,,,,,,,,,,,,,,,,,,,,,,,,,,,,,,,,,,,,,,,,,,,,,,,,,,,,,,,,,,,,,
INTL.57-1-SAU-TBPD.M,                Crude oil including lease condensate (Mb/d),6876,7194,7481,7359,8316,7553,8682,8423,8532,7796,6267,6614,7513,7796,8131,8654,9014,8885,8783,8275,8763,9052,8812,8053,7839,6754,6550,5917,6989,6818,6980,8208,8407,5869,6947,7585,7464,7969,8365,8270,8450,8526,8971,8738,8323,9236,9394,9185,8609,9634,9890,10198,8507,9634,9839,8711,8711,8711,8968,9583,7828,8446,7725,8034,7313,7519,7416,7107,8343,9270,10249,10403,9789,9789,9789,8758,8758,8758,9789,9789,9789,9789,9789,9789,9767,9767,9767,9767,9767,9767,9767,9767,9767,10199,10414,10281,10180,10180,9976,10180,10180,10180,10282,10384,9264,9671,8653,8653,8659,8353,7335,6621,6010,6621,6316,6010,5603,5603,5603,5195,4950,3510,3910,3930,4725,4620,5536,5931,6026,6005,5915,5825,5130,5040,4843,5150,5000,5450,5010,4520,4133,4129,3990,3590,3510,4025,3835,3470,2590,2420,2740,2340,2980,3910,4200,4680,4310,4551,3972,4556,4208,5068,5700,6209,4651,4855,5164,5164,4004,3868,3300,4030,4197,4238,4602,4755,4653,4638,4248,4612,4155,4322,4332,4470,4484,4582,4641,5177,5314,6336,6532,6655,4918,4673,4515,4914,5022,4825,4923,5022,5219,5317,5701,5696,5537,5635.969,5764.609,5888.316,5393.5,5398.445,5393.5,5789.352,7659.758,7729.039,8223.855,8481.16,8074.582,8134.102,7935.707,7340.531,7340.531,8084.504,8406.891,8396.973,8332.492,8382.094,8372.172,8570.566,8679.57809907561,8531.46243185589,8156.23607489927,8109.33278027969,8161.17326380659,8210.54515287983,8245.1054752311,8294.47736430434,8343.84925337758,8398.15833135814,8393.22114245082,8467.27897606068,8500,8440,8300,8000,8000,8150,8240,8345,8270,8145,7995,8005,8068,8061,8068,8083,8063,8063,8073,8093,8153,8218,8218,8273,8120,8220,8110,8220,8400,8100,8410,8425,8315,8315,8020,8110,8118,8248,8248,8088,8135,8195,8295,8220,8200,8255,8255,8358,8072,8212,8316,8368,8348,8341,8360,8458,8463,8463,8414,8521,8765,8760,8460,8585,8625,8325,8275,8225,8173,8220,8170,8110,8065,8165,8220,7665,7665,7610,7610,7710,7735,7845,7865,7863,7863,7865,7865,8100,8200,8250,8390,8822.5,8975,8800,8900,8800,8700,8320,8300,7950,8000,8050,8250,8070,7800,7670,7670,7600,7300,7210,7310,7455,7450,7500,7700,7730,7880,7900,8100,8049.5,8498.57538670757,8796.5883283851,9381.70525214465,9520.5465560876,9322.2018361691,8627.99531645438,8538.74019249106,8538.74019249106,8479.23677651551,8578.40913647476,8429.65059653589,8588.32637247068,8700,8700,8400,8400,8500,9500,9500,9500,9500,9500,9500,9500,9500,9500,9500,9600,9600,9600,9600,9600,9600,9500,9500,9500,9400,9500,9350,9350,9200,9100,9300,9300,9000,8800,8800,8750,8750,8600,8600,8600,8600,8600,8600,8600,8800,8800,9000,9100,9200,9200,9200,9100,9400,9450,9700,9600,9400,9400,8958.791,8517.875,8113.333,8067.875,8072.418,8076.52,8081.062,8335.458,8540,8440,8340,8340,8340,8240,8350.4097155,8400.4097155,8390.4097155,8440.4097155,8350.4097155,8420.4097155,8420.4097155,8430.4097155,8420.4097155,8410.4097155,8460.4097155,8510.4097155,8917.6018407,9337.6018407,9137.6018407,9137.6018407,9137.6018407,9837.6018407,10037.6018407,10137.6018407,9937.6018407,9737.6018407,10037.6018407,10037.6018407,10004.2575577,10204.2575577,10194.2575577,10094.2575577,9894.2575577,10184.2575577,10179.2575577,10179.2575577,9964.2575577,9964.2575577,9704.2575577,9404.2575577,9319.7197694,9319.7197694,9319.7197694,9619.7197694,9819.7197694,10019.7197694,10219.7197694,10419.7197694,10319.7197694,10019.7197694,10019.7197694,10019.7197694,10109.9784539,10059.9784539,9859.9784539,9859.9784539,9859.9784539,9859.9784539,10009.9784539,9909.9784539,9809.9784539,9909.9784539,9809.9784539,9809.9784539,9807.3711871,9907.3711871,10307.3711871,10307.3711871,10507.3711871,10657.3711871,10567.3711871,10457.3711871,10457.3711871,10407.3711871,10307.3711871,10307.3711871,10414,10414,10414,10414,10514,10714,10844,10814,10774,10764,10814,10714,10196,10216,10166,10196,10266,10466,10416,10356,10406,10376,10326,10276,10378,10318,10268,10278,10338,10638,10698,10638,10738,10938,11218,10718,10252,10302,10052,10052,10102,10202,9952,10052,8702,10052,10102,9952,10044,9944,9994,11794,8744,7894,8594,9094,9204,9204,9204,9204,9294,8394,8344,8344,8676,9141,9650,9752.13903743316,9854.27807486631,10006.4171122995,10108.5561497326,10110.6951871658,10210.6951871658,10460.6951871658,10210.6951871658,10510.6951871658,10460.6951871658,10560.6951871658,
,    Consumption,,,,,,,,,,,,,,,,,,,,,,,,,,,,,,,,,,,,,,,,,,,,,,,,,,,,,,,,,,,,,,,,,,,,,,,,,,,,,,,,,,,,,,,,,,,,,,,,,,,,,,,,,,,,,,,,,,,,,,,,,,,,,,,,,,,,,,,,,,,,,,,,,,,,,,,,,,,,,,,,,,,,,,,,,,,,,,,,,,,,,,,,,,,,,,,,,,,,,,,,,,,,,,,,,,,,,,,,,,,,,,,,,,,,,,,,,,,,,,,,,,,,,,,,,,,,,,,,,,,,,,,,,,,,,,,,,,,,,,,,,,,,,,,,,,,,,,,,,,,,,,,,,,,,,,,,,,,,,,,,,,,,,,,,,,,,,,,,,,,,,,,,,,,,,,,,,,,,,,,,,,,,,,,,,,,,,,,,,,,,,,,,,,,,,,,,,,,,,,,,,,,,,,,,,,,,,,,,,,,,,,,,,,,,,,,,,,,,,,,,,,,,,,,,,,,,,,,,,,,,,,,,,,,,,,,,,,,,,,,,,,,,,,,,,,,,,,,,,,,,,,,,,,,,,,,,,,,,,,,,,,,,,,,,,,,,,,,,,,,,,,,,,,,,,,,,,,,,,,,,,,,,,,,,,,,,,,,,,,,,,,,,,,,,,,,,,,,
INTL.54-2-SAU-TBPD.M,        Refined petroleum products (Mb/d),,,,,,,,,,,,,,,,,,,,,,,,,,,,,,,,,,,,,,,,,,,,,,,,,,,,,,,,,,,,,,,,,,,,,,,,,,,,,,,,,,,,,,,,,,,,,,,,,,,,,,,,,,,,,,,,,,,,,,,,,,,,,,,,,,,,,,,,,,,,,,,,,,,,,,,,,,,,,,,,,,,,,,,,,,,,,,,,,,,,,,,,,,,,,,,,,,,,,,,,,,,,,,,,,,,,,,,,,,,,,,,,,,,,,,,,,,,,,,,,,,,,,,,,,,,,,,,,,,,,,,,,,,,,,,,,,,,,,,,,,,,,,,,,,,,,,,,,,,,,,,,,,,,,,,,,,,,,,,,,,,,,,,,,,,,,,,,,,,,,,,,,,,,,,,,,,,,,,,,,,,,,,,,,,,,,,,,,,,,,,,,,,,,,,,,,,,,,,,,,,,,,,,,,,,,,,,,,,,,,,,,,,,,,,,,,,,,,,,,,,,,,,,,,,,,,,,,,,,,,,,,,,,,,,,,,,,,,,,,,,,,,,,,,,,,,,,,,,,,,,,,,,,,,,,,,,,,,,,,,,,,,,,,,,,,,,,,,,,,,,--,--,--,--,--,--,--,--,--,--,--,--,--,--,--,--,--,--,--,--,--,--,--,--,--,--,--,--,--,--,--,--,--,--,--,--,,,,,,,,,,,,,,,,,,,
,OECD - North America,,,,,,,,,,,,,,,,,,,,,,,,,,,,,,,,,,,,,,,,,,,,,,,,,,,,,,,,,,,,,,,,,,,,,,,,,,,,,,,,,,,,,,,,,,,,,,,,,,,,,,,,,,,,,,,,,,,,,,,,,,,,,,,,,,,,,,,,,,,,,,,,,,,,,,,,,,,,,,,,,,,,,,,,,,,,,,,,,,,,,,,,,,,,,,,,,,,,,,,,,,,,,,,,,,,,,,,,,,,,,,,,,,,,,,,,,,,,,,,,,,,,,,,,,,,,,,,,,,,,,,,,,,,,,,,,,,,,,,,,,,,,,,,,,,,,,,,,,,,,,,,,,,,,,,,,,,,,,,,,,,,,,,,,,,,,,,,,,,,,,,,,,,,,,,,,,,,,,,,,,,,,,,,,,,,,,,,,,,,,,,,,,,,,,,,,,,,,,,,,,,,,,,,,,,,,,,,,,,,,,,,,,,,,,,,,,,,,,,,,,,,,,,,,,,,,,,,,,,,,,,,,,,,,,,,,,,,,,,,,,,,,,,,,,,,,,,,,,,,,,,,,,,,,,,,,,,,,,,,,,,,,,,,,,,,,,,,,,,,,,,,,,,,,,,,,,,,,,,,,,,,,,,,,,,,,,,,,,,,,,,,,,,,,,,,,,,,
,United States,,,,,,,,,,,,,,,,,,,,,,,,,,,,,,,,,,,,,,,,,,,,,,,,,,,,,,,,,,,,,,,,,,,,,,,,,,,,,,,,,,,,,,,,,,,,,,,,,,,,,,,,,,,,,,,,,,,,,,,,,,,,,,,,,,,,,,,,,,,,,,,,,,,,,,,,,,,,,,,,,,,,,,,,,,,,,,,,,,,,,,,,,,,,,,,,,,,,,,,,,,,,,,,,,,,,,,,,,,,,,,,,,,,,,,,,,,,,,,,,,,,,,,,,,,,,,,,,,,,,,,,,,,,,,,,,,,,,,,,,,,,,,,,,,,,,,,,,,,,,,,,,,,,,,,,,,,,,,,,,,,,,,,,,,,,,,,,,,,,,,,,,,,,,,,,,,,,,,,,,,,,,,,,,,,,,,,,,,,,,,,,,,,,,,,,,,,,,,,,,,,,,,,,,,,,,,,,,,,,,,,,,,,,,,,,,,,,,,,,,,,,,,,,,,,,,,,,,,,,,,,,,,,,,,,,,,,,,,,,,,,,,,,,,,,,,,,,,,,,,,,,,,,,,,,,,,,,,,,,,,,,,,,,,,,,,,,,,,,,,,,,,,,,,,,,,,,,,,,,,,,,,,,,,,,,,,,,,,,,,,,,,,,,,,,,,,,,
,    Production,,,,,,,,,,,,,,,,,,,,,,,,,,,,,,,,,,,,,,,,,,,,,,,,,,,,,,,,,,,,,,,,,,,,,,,,,,,,,,,,,,,,,,,,,,,,,,,,,,,,,,,,,,,,,,,,,,,,,,,,,,,,,,,,,,,,,,,,,,,,,,,,,,,,,,,,,,,,,,,,,,,,,,,,,,,,,,,,,,,,,,,,,,,,,,,,,,,,,,,,,,,,,,,,,,,,,,,,,,,,,,,,,,,,,,,,,,,,,,,,,,,,,,,,,,,,,,,,,,,,,,,,,,,,,,,,,,,,,,,,,,,,,,,,,,,,,,,,,,,,,,,,,,,,,,,,,,,,,,,,,,,,,,,,,,,,,,,,,,,,,,,,,,,,,,,,,,,,,,,,,,,,,,,,,,,,,,,,,,,,,,,,,,,,,,,,,,,,,,,,,,,,,,,,,,,,,,,,,,,,,,,,,,,,,,,,,,,,,,,,,,,,,,,,,,,,,,,,,,,,,,,,,,,,,,,,,,,,,,,,,,,,,,,,,,,,,,,,,,,,,,,,,,,,,,,,,,,,,,,,,,,,,,,,,,,,,,,,,,,,,,,,,,,,,,,,,,,,,,,,,,,,,,,,,,,,,,,,,,,,,,,,,,,,,,,,,,,
,        Total petroleum and other liquids (Mb/d),,,,,,,,,,,,,,,,,,,,,,,,,,,,,,,,,,,,,,,,,,,,,,,,,,,,,,,,,,,,,,,,,,,,,,,,,,,,,,,,,,,,,,,,,,,,,,,,,,,,,,,,,,,,,,,,,,,,,,,,,,,,,,,,,,,,,,,,,,,,,,,,,,,,,,,,,,,,,,,,,,,,,,,,,,,,,,,,,,,,,,,,,,,,,,,,,,,,,,,,,,,,,,,,,,,,,,,,,,,,,,,,,,,,,,,,,,,,,,,,,,,,,,,,,,,,,,,,,,,,,,,,,,,,,,,,,,,,,,,,,,,,,,,,,,,,,,,,,,,,,,,,,,,,,,,,,,,,,,,,,,,,,,,,,,,,,,,,,,,,,,,,,,,,,,,,,,,,,,,,,,,,,,,,,,,,,,,,,,,,,,,,,,,,,,,,,,,,,,,,,,,,,,,,,,,,,,,,,,,,,,,,,,,,,,,,,,,,,,,,,,,,,,,,,,,,,,,,,,,,,,,,,,,,,,,,,,,,,,,,,,,,,,,,,,,,,,,,,,,,,,,,,,,,,,,,,,,,,,,,,,,,,,,,,,,,,,,,,,,,,,,,,,,,,,,,,,,,,,,,,,,,,,,,,,,,,,,,,,,,,,,,,,,,,,,,,,,
,"            Crude oil, NGPL, and other liquids (Mb/d)",,,,,,,,,,,,,,,,,,,,,,,,,,,,,,,,,,,,,,,,,,,,,,,,,,,,,,,,,,,,,,,,,,,,,,,,,,,,,,,,,,,,,,,,,,,,,,,,,,,,,,,,,,,,,,,,,,,,,,,,,,,,,,,,,,,,,,,,,,,,,,,,,,,,,,,,,,,,,,,,,,,,,,,,,,,,,,,,,,,,,,,,,,,,,,,,,,,,,,,,,,,,,,,,,,,,,,,,,,,,,,,,,,,,,,,,,,,,,,,,,,,,,,,,,,,,,,,,,,,,,,,,,,,,,,,,,,,,,,,,,,,,,,,,,,,,,,,,,,,,,,,,,,,,,,,,,,,,,,,,,,,,,,,,,,,,,,,,,,,,,,,,,,,,,,,,,,,,,,,,,,,,,,,,,,,,,,,,,,,,,,,,,,,,,,,,,,,,,,,,,,,,,,,,,,,,,,,,,,,,,,,,,,,,,,,,,,,,,,,,,,,,,,,,,,,,,,,,,,,,,,,,,,,,,,,,,,,,,,,,,,,,,,,,,,,,,,,,,,,,,,,,,,,,,,,,,,,,,,,,,,,,,,,,,,,,,,,,,,,,,,,,,,,,,,,,,,,,,,,,,,,,,,,,,,,,,,,,,,,,,,,,,,,,,,,,,,,
INTL.57-1-USA-TBPD.M,                Crude oil including lease condensate (Mb/d),9175.935,9395.214,9271.935,9291.9,9262.387,9213.933,9217.129,9168.548,9065.3,9223.871,9160.967,9063.226,8933.871,9142.214,8965.387,8953.967,8910.581,8780.233,8780.129,8698.871,8442.933,8611.258,8568.8,8526.516,8454.968,8591.143,8493.452,8456.6,8378.774,8420.8,8335.742,8248.774,8279.633,8324.419,8277.867,8253.548,8231.774,8231.207,8232.194,8077,8124.516,8094.433,8127.161,8110.613,8149.633,8063.29,8079.6,8060.613,7854.129,8138.929,8089.613,8144.9,8074.742,8101.933,8104.645,8306.774,8479.733,8573.419,8579.267,8487,8359.677,8376.571,8720.129,8817.533,8825.258,8832.467,8756.194,8758.129,8800.333,8820,8741.1,8661.548,8474.71,8525.357,8601.129,8553.1,8601,8431.633,8363.806,8547.774,8523.1,8621.161,8760.6,8614.516,8675.484,8704.517,8698.387,8684.7,8634.968,8553.967,8547.226,8414.226,8619.233,8531.903,8495.067,8605.71,8539.871,8604.071,8613,8556.933,8501.323,8628.633,8499.935,8582.871,8604,8562.903,8585.967,8585.387,8509.452,8702.179,8667.323,8591.267,8683.419,8646.1,8658,8633.645,8700.933,8701.452,8697.267,8597.903,8696.903,8758.464,8700.194,8775.633,8631.452,8667.133,8636.032,8679.129,8784,8770.645,8770.367,8396.548,8867.806,8874.379,8671.903,8862.4,8955.355,8852.333,8884.903,8809.387,8993.267,8905.645,8978.567,8896.677,8739.548,9024.821,9094.935,9043.3,9132.032,9021.767,8948.71,8802.613,8953.667,8969.935,8901.967,9029.548,9137.032,9173.393,9013.323,8863.9,8837.548,8623.333,8659.613,8373.548,8328.1,8418.839,8412.467,8352.452,8480.258,8388.571,8464.452,8498.167,8336.323,8278.533,8251.032,8209.935,8205.433,8363.613,8397.167,8317.548,8249.774,8374.069,8373.774,8287.633,8228.677,8170.067,8039.645,8079.323,7894.9,8022.71,8023.333,7941.581,7937.285,7788.445,7574.899,7771.554,7816.215,7624.368,7444.069,7544.458,7547.874,7452.779,7536.081,7336.754,7546.173,7497.242,7433.341,7407.173,7328.342,7105.838,7173.263,7286.634,7223.82,7541.889,7386.585,7337.517,7499.93,7636.997,7546.006,7508.52,7408.706,7320.326,7346.955,7316.165,7367.632,7437.338,7327.776,7298.946,7360.576,7388.598,7348.335,7292.507,7168.599,7167.311,7131.1,6921.788,7030.119,7125.751,7024.128,7103.215,6961.007,6942.592,6974.128,6881.308,6846.92,6794.726,6688.367,6757.807,6711.565,6838.807,6911.632,6857.583,6817,6770,6746,6612,6688,6611,6501,6544,6609,6658,6628,6760,6682,6794,6600,6604,6629,6579,6449,6447,6416,6421,6585,6530,6495,6577,6571,6444,6394,6458,6338,6360,6482,6481,6476,6506,6402,6514,6452,6441,6474,6442,6409,6347,6486,6467,6459,6531,6541,6476,6408,6483,6347,6267,6194,6203,5789,6143,6140,6043,5963,5966,5883,5887,5875,5760,5798,5780,5804,5947,5960,5959,5784.3871,5851.82759,5918.19355,5854.16667,5846.51613,5822.86667,5739.35484,5788.74194,5757.7,5809.03226,5832.66667,5855.09677,5798.93548,5780.10714,5880.32258,5862.63333,5829.41935,5765.8,5748.64516,5725.41935,5709,5746.09677,5881.36667,5887.45161,5873.41935483871,5880.92857142857,5885.8064516129,5844.43333333333,5905.06451612903,5884.4,5750.8064516129,5795.8064516129,5411.2,5358.22580645161,5623.53333333333,5721.67741935484,5755,5783,5803,5726,5663,5659,5498,5574,5609,5614,5547,5571,5585,5572,5617,5560,5556,5407,5484,5325,5081,5170,5423,5510,5446,5501,5601,5563,5596,5442,5253,5198,4214,4555,4857,4988,5047.742,5031.929,5027.161,5081.667,5150.548,5162.8,5094.161,5039.742,5030.867,5108.161,5064.2,5186.065,5107.806,5117.893,5119.258,5180.233,5211.226,5075.133,5037.903,4969.677,4902.033,5021.935,5034.033,5110.548,5115.032,5148.172,5189.29,5180.1,5143.129,5137.767,5176.806,5002.968,3973.6,4737.677,5078.1,5102.677,5144.097,5239.214,5218.581,5278.133,5376.903,5269.3,5397.935,5417.581,5558.833,5524.452,5394.6,5451.742,5404.161,5553.429,5515.355,5392.3,5400.871,5379.5,5297.871,5447.323,5615.767,5630.548,5575.733,5607.452,5494.613,5403.536,5615.452,5557.7,5622.903,5587.967,5440.258,5664.581,5614.433,5901.065,6035.233,6047.548,6171.387,6266.586,6326.129,6324.2,6368.161,6269.4,6424.419,6349.097,6595.8,6966,7076.667,7098.742,7082.742,7151.25,7205.871,7371.633,7325.613,7276.5,7524.323,7532.032,7837.233,7757.645,7916.833,7928.29,8072.742,8152.143,8292.774,8521.267,8643.677,8746.233,8845.903,8919.548,9081.7,9263.355,9322.067,9566.194,9388.452,9509.714,9585.484,9661.4,9481.226,9361.633,9447.161,9415.71,9490.767,9406.226,9337,9281.355,9202.548,9065.241,9088.516,8870.867,8833.806,8670.967,8664.065,8685.548,8544.2,8841,8906.033,8845.871,8873.581,9108.107,9192.419,9114.8,9207.71,9134.5,9265.774,9263.935,9533.6,9668.032,10087.9,9992.871,9998.323,10260.786,10488.581,10496.367,10456.742,10604.9,10903.452,11383.516,11463.367,11553.968,11907.1,12003.742,11865,11678.821,11937.29,12134.7,12163.194,12087.533,11819.097,12424.774,12495.2,12672.548,12859.767,12802.097,12754.806,12745.586,12737.065,12009.967,10018.774,10442.133,10972.645,10583.839,10870.467,10438.742,11121.033,11063.097,11124.063,9924.674,11325.869,11304.722,11355.992,11356.417,11346.986,11277.405,10917.534,11568.579,11790.052,11634.403,11369.337,11316.118,11700.794,11668.386,11614.772,11815.729,
,    Consumption,,,,,,,,,,,,,,,,,,,,,,,,,,,,,,,,,,,,,,,,,,,,,,,,,,,,,,,,,,,,,,,,,,,,,,,,,,,,,,,,,,,,,,,,,,,,,,,,,,,,,,,,,,,,,,,,,,,,,,,,,,,,,,,,,,,,,,,,,,,,,,,,,,,,,,,,,,,,,,,,,,,,,,,,,,,,,,,,,,,,,,,,,,,,,,,,,,,,,,,,,,,,,,,,,,,,,,,,,,,,,,,,,,,,,,,,,,,,,,,,,,,,,,,,,,,,,,,,,,,,,,,,,,,,,,,,,,,,,,,,,,,,,,,,,,,,,,,,,,,,,,,,,,,,,,,,,,,,,,,,,,,,,,,,,,,,,,,,,,,,,,,,,,,,,,,,,,,,,,,,,,,,,,,,,,,,,,,,,,,,,,,,,,,,,,,,,,,,,,,,,,,,,,,,,,,,,,,,,,,,,,,,,,,,,,,,,,,,,,,,,,,,,,,,,,,,,,,,,,,,,,,,,,,,,,,,,,,,,,,,,,,,,,,,,,,,,,,,,,,,,,,,,,,,,,,,,,,,,,,,,,,,,,,,,,,,,,,,,,,,,,,,,,,,,,,,,,,,,,,,,,,,,,,,,,,,,,,,,,,,,,,,,,,,,,,,,,,
INTL.54-2-USA-TBPD.M,        Refined petroleum products (Mb/d),,,,,,,,,,,,,,,,,,,,,,,,,,,,,,,,,,,,,,,,,,,,,,,,,,,,,,,,,,,,,,,,,,,,,,,,,,,,,,,,,,,,,18851,18817,17376,16784,16237,16187,16007,15752,16598,16994,16702,18410,18429,16988,15906,15349,15353,16094,15682,15262,15654,15821,15592,16596,16122,16001,15560,16046,14846,14998,14820,14839,15021,14858,15009,15487,14722,14791,15540,14692,14504,15288,15018,15480,15505,14962,15499,16725,16800,15437,16050,15568,15619,15708,15497,16116,15247,15616,15626,15375,16109,16121,15372,15471,15503,15482,15433,16060,15098,15943,15502,16611,16087,16186,16276,15944,15993,16049,16306,16618,15908,16602,16221,17130,16684,16908,16164,16523,16026,16829,17112,16346,16669,16941,16342,17444,17402,17759,17611,16560,16196,17059,16694,17482,17071,17579,17619,18365,17268,17919,17989,16623,16546,17496,16452,17360,16794,17303,17311,18857,16963,17174,17087,16778,16914,17165,17083,18050,16512,16934,16694,16494,16892,16338,16212,16138,16189,16877,16970,17183,16847,16995,16730,17144,17012,16892,16824,16764,16485,16978,17143,16928,16875,17448,17091,17927,16173,17334,17575,16781,16508,17096,17357,17332,17650,17323,17780,17953,18072,18337,17313,17489,17181,17815,17485,18117,17490,17719,17315,18319,17219,18279,17484,17142,17293,18131,17147,18044,18026,17651,17979,18366,18261,18620,18301,17885,17957,18107,18211,18658,17655,19171,18535,18334,18554,18398,17863,18559,18293,18617,19107,18565,18562,19071,18578,19250,18362,18316,18685,19044,18375,19182,19466,19347,18895,19188,18673,19419,19029,19107,19497,19152,18705,19836,19820,20093,19483,19868,19087,20498,19026,19635,19218,18816,19605,20054,19696,20496,19899,19798,19328,20814,20092,19689,19876,19729,19501,19561,19919,20153,19016,19824,19396,19003,19454,19444,19676,19552,19728,19875,20076,20221,19461,19678,19991,19943,20017,20375,19708,19830,19344,19793,20094,20586,19933,20182,19873,20679,20479,20872,20453,20545,20313,20780,20880,21028,20529,20861,20805,21229,20694.31,20830.446,21008.841,20136.71,20606.179,21198.367,20938.85,21666.06,20141.573,20252.827,20623.35,21495.395,20436.295,20576.974,20608.357,20201.254,20457.007,20981.724,20740.25,21433.814,20558.819,20768.934,20668.715,20795.239,20567.088,21308.98,20535.818,20535.969,20620.495,20723.073,20746.924,21025.475,20414.587,20476.421,20534.674,20719.31,20246.98,20028.827,19830.916,19814.981,19797.525,19678.063,19556.578,19272.29,17838.845,19698.292,19052.428,19142.237,19039.816,18821.81,18718.9,18672.388,18211.023,18827.623,18626.206,18949.429,18594.424,18802.848,18752.988,19236.535,18649.433,18831.184,19080.238,19066.312,18874.474,19561.783,19290.931,19663.179,19464.551,18927.776,18965.439,19732.851,18933.847,18817.487,19189.218,18581.506,18428.859,19187.136,18710.295,19362.994,18886.581,18816.85,19058.754,18769.243,18298.587,18622.085,18129.582,18162.625,18574.59,18873.241,18540.192,19139.668,18080.89,18707.948,18528.432,18130.242,18735.783,18653.847,18547.414,18594.266,18732.876,18815.959,19259.928,19139.801,19281.579,19322.771,19488.027,19005.824,19102.562,18904.603,18452.042,18834.401,18601.157,18878.161,19247.071,19371.8,19203.66,19700.626,19393.713,19493.875,19272.857,19673.884,19348.878,19260.905,19322.278,19846.323,20118.767,19927.399,19435.837,19469.679,19105.439,19595.679,19062.961,19841.258,19753.14,19346.261,19326.446,19832.405,19753.69,20261.59,19774.759,19684.138,19685.966,19985.668,19289.554,19146.298,20057.481,19621.157,20046.726,20565.111,20125.278,20273.998,19629.412,19970.876,20310.271,20319.228,20564.365,19693.135,20731.229,20038.353,20251.206,20770.269,20671.374,21356.101,20084.108,20785.793,20774.216,20327.481,20614.981,20283.869,20176.242,20332.6,20387.087,20653.976,20734.572,21157.914,20248.481,20713.986,20736.154,20442.87,19933.39,20132.252,18462.842,14548.505,16078.185,17578.061,18381.073,18557.877,18414.83,18613.649,18742.522,18801.691,18814.347,17699.106,19132.115,19743.697,20049.739,20585.872,20171.831,20572.572,20138.57,20377.15,20572.646,20656.686,19731.017,20435.638,20511.875,19957.375,20076.82,20771.963,20343.791
,Non-OPEC,,,,,,,,,,,,,,,,,,,,,,,,,,,,,,,,,,,,,,,,,,,,,,,,,,,,,,,,,,,,,,,,,,,,,,,,,,,,,,,,,,,,,,,,,,,,,,,,,,,,,,,,,,,,,,,,,,,,,,,,,,,,,,,,,,,,,,,,,,,,,,,,,,,,,,,,,,,,,,,,,,,,,,,,,,,,,,,,,,,,,,,,,,,,,,,,,,,,,,,,,,,,,,,,,,,,,,,,,,,,,,,,,,,,,,,,,,,,,,,,,,,,,,,,,,,,,,,,,,,,,,,,,,,,,,,,,,,,,,,,,,,,,,,,,,,,,,,,,,,,,,,,,,,,,,,,,,,,,,,,,,,,,,,,,,,,,,,,,,,,,,,,,,,,,,,,,,,,,,,,,,,,,,,,,,,,,,,,,,,,,,,,,,,,,,,,,,,,,,,,,,,,,,,,,,,,,,,,,,,,,,,,,,,,,,,,,,,,,,,,,,,,,,,,,,,,,,,,,,,,,,,,,,,,,,,,,,,,,,,,,,,,,,,,,,,,,,,,,,,,,,,,,,,,,,,,,,,,,,,,,,,,,,,,,,,,,,,,,,,,,,,,,,,,,,,,,,,,,,,,,,,,,,,,,,,,,,,,,,,,,,,,,,,,,,,,,,,
,    Production,,,,,,,,,,,,,,,,,,,,,,,,,,,,,,,,,,,,,,,,,,,,,,,,,,,,,,,,,,,,,,,,,,,,,,,,,,,,,,,,,,,,,,,,,,,,,,,,,,,,,,,,,,,,,,,,,,,,,,,,,,,,,,,,,,,,,,,,,,,,,,,,,,,,,,,,,,,,,,,,,,,,,,,,,,,,,,,,,,,,,,,,,,,,,,,,,,,,,,,,,,,,,,,,,,,,,,,,,,,,,,,,,,,,,,,,,,,,,,,,,,,,,,,,,,,,,,,,,,,,,,,,,,,,,,,,,,,,,,,,,,,,,,,,,,,,,,,,,,,,,,,,,,,,,,,,,,,,,,,,,,,,,,,,,,,,,,,,,,,,,,,,,,,,,,,,,,,,,,,,,,,,,,,,,,,,,,,,,,,,,,,,,,,,,,,,,,,,,,,,,,,,,,,,,,,,,,,,,,,,,,,,,,,,,,,,,,,,,,,,,,,,,,,,,,,,,,,,,,,,,,,,,,,,,,,,,,,,,,,,,,,,,,,,,,,,,,,,,,,,,,,,,,,,,,,,,,,,,,,,,,,,,,,,,,,,,,,,,,,,,,,,,,,,,,,,,,,,,,,,,,,,,,,,,,,,,,,,,,,,,,,,,,,,,,,,,,,
,        Total petroleum and other liquids (Mb/d),,,,,,,,,,,,,,,,,,,,,,,,,,,,,,,,,,,,,,,,,,,,,,,,,,,,,,,,,,,,,,,,,,,,,,,,,,,,,,,,,,,,,,,,,,,,,,,,,,,,,,,,,,,,,,,,,,,,,,,,,,,,,,,,,,,,,,,,,,,,,,,,,,,,,,,,,,,,,,,,,,,,,,,,,,,,,,,,,,,,,,,,,,,,,,,,,,,,,,,,,,,,,,,,,,,,,,,,,,,,,,,,,,,,,,,,,,,,,,,,,,,,,,,,,,,,,,,,,,,,,,,,,,,,,,,,,,,,,,,,,,,,,,,,,,,,,,,,,,,,,,,,,,,,,,,,,,,,,,,,,,,,,,,,,,,,,,,,,,,,,,,,,,,,,,,,,,,,,,,,,,,,,,,,,,,,,,,,,,,,,,,,,,,,,,,,,,,,,,,,,,,,,,,,,,,,,,,,,,,,,,,,,,,,,,,,,,,,,,,,,,,,,,,,,,,,,,,,,,,,,,,,,,,,,,,,,,,,,,,,,,,,,,,,,,,,,,,,,,,,,,,,,,,,,,,,,,,,,,,,,,,,,,,,,,,,,,,,,,,,,,,,,,,,,,,,,,,,,,,,,,,,,,,,,,,,,,,,,,,,,,,,,,,,,,,,,,,
,"            Crude oil, NGPL, and other liquids (Mb/d)",,,,,,,,,,,,,,,,,,,,,,,,,,,,,,,,,,,,,,,,,,,,,,,,,,,,,,,,,,,,,,,,,,,,,,,,,,,,,,,,,,,,,,,,,,,,,,,,,,,,,,,,,,,,,,,,,,,,,,,,,,,,,,,,,,,,,,,,,,,,,,,,,,,,,,,,,,,,,,,,,,,,,,,,,,,,,,,,,,,,,,,,,,,,,,,,,,,,,,,,,,,,,,,,,,,,,,,,,,,,,,,,,,,,,,,,,,,,,,,,,,,,,,,,,,,,,,,,,,,,,,,,,,,,,,,,,,,,,,,,,,,,,,,,,,,,,,,,,,,,,,,,,,,,,,,,,,,,,,,,,,,,,,,,,,,,,,,,,,,,,,,,,,,,,,,,,,,,,,,,,,,,,,,,,,,,,,,,,,,,,,,,,,,,,,,,,,,,,,,,,,,,,,,,,,,,,,,,,,,,,,,,,,,,,,,,,,,,,,,,,,,,,,,,,,,,,,,,,,,,,,,,,,,,,,,,,,,,,,,,,,,,,,,,,,,,,,,,,,,,,,,,,,,,,,,,,,,,,,,,,,,,,,,,,,,,,,,,,,,,,,,,,,,,,,,,,,,,,,,,,,,,,,,,,,,,,,,,,,,,,,,,,,,,,,,,,,,
INTL.57-1-OPNO-TBPD.M,                Crude oil including lease condensate (Mb/d),26004,26285,26298,26338,26474,26721,26814,26758,26831,26909,26852,27044,26677,26813,26712,26858,26986,26853,26666,26387,26624,27083,26941,27295,26948,27174,26809,26825,26593,27162,27464,27585,27707,27876,28027,28341,28117,28088,28177,27939,28301,28634,28643,28817,28906,29166,29126,29830,29471,30004,30241,30020,30130,30424,30107,30730,30601,31166,31396,31630,31332,31617,31909,32209,32273,32653,32351,32569,32617,33037,33306,33384,33337,33485,33182,33663,33399,33636,33611,33883,33831,34164,34561,34646,34457.011,34451.757,34619.494,34534.36,34596.782,34449.624,34536.899,34608.012,34750.803,34751.496,34592.926,34961.975,35183.773,35234.649,35626.342,35634.815,35312.195,35292.517,35090.126,34531.566,35296.514,35227.342,35087.612,35072.157,35231.333,35691.656,35582.578,35390.234,35745.807,36082.825,35871.037,35977.077,35939.15,36621.282,36865.984,36723.558,36931.757,36444.05,36531.958,36727.936,36706.767,36836.746,37010.57,36983.585,37230.519,37248.545,37766.509,37271.589,38089.6172566634,38279.764242843,37850.709242843,38140.748242843,38360.5962566634,38467.7662833169,38567.7052566634,38059.3772566634,38447.4672566634,38721.5472566634,38692.5502566634,38838.621242843,38403.3955051134,38747.8873534904,39029.779,38959.8846465096,38907.4287069809,38025.716,38736.446,38576.4232930191,39169.98,39352.4866465096,39466.426,39270.1852930191,39475.374,38963.639,38897.714,38293.895,39261.908,38780.231,39201.197,39215.341,38819.309,38920.906,39421.532,39367.83,39301.322,39019.285,38789.937,38788.517,38917.043,38156.349,39203.704,39161.391,39411.576,39492.305,39494.448,39541.22,39638.658,39800.705,39889.918,39676.101,39430.934,38788.737,39122.987,39029.668,38708.876,39241.869,39105.139,39186.285,39080.548,38779.313,38780.511,38575.681,38473.642,37946.742,38388.914,38833.434,38775.558,38995.878,39049.128,38499.993,38696.655,38252.38,38962.497,38744.497,38337.321,37733.504,37594.287,37693.779,38030.938,38361.674,38441.423,38205.755,38695.016,38497.752,38903.549,38045.033,37909.47,37330.597,37769.197,37003.85,38059.695,37771.843,37746.024,37696.406,37658.8815209174,37037.5733250736,37160.8918758635,37434.1025754521,36186.703466651,36266.7388988104,36506.8539641461,36162.4456409402,36193.7732680632,36565.2479932206,36213.1359437506,36356.2303073823,36030.726,36232.778,36128.653,35962.77,35925.267,35562.823,35770.69,35611.071,35522.463,36036.153,36382.959,36465.333,36584.3,36422.2,36286.1,35981.2,36278.3,36479.2,36227.2,36369.2,36530.2,36964.2,37134.2,37492.2,37034.3,37388.3,36996.3,37273.3,36760.2,36557.2,37188.2,37071.2,37672.2,37073.2,37622.2,37911.2,37867.5,38171.6,37924.5,37981.5,37918.5,38093,38015,37668,38089,38348,38750,38801,38775.2,38880.1,38672.2,38948.6,38559.8,38204.2,38636.5,38392.5,38748.9,39118,39201,39381.9,39574.7,39495.7,39392.7,39330.6,38865.3,39101.6,39088.6,38384.5,38380.6,38630.6,39205.6,39285.7,39382.7,39188.6,39113.7,38858.7,38730.7,38195.9,39167,38819,38836,39277,39794,39861.2,39701.0889656823,39653.9063923815,39753.888914263,39504.8920823497,39491.3246358458,39698.7344701003,40050.5327795425,39911.0040307849,39955.060834635,40118.1457682937,40724.4837909695,40899.6851629848,40622.107885301,40533.7190477481,40525.8491768387,40262.9212050824,39817.0422192415,39758.0358312463,40475.8678700814,40147.3545330784,40481.4460916271,40420.0151487209,40860.6773504987,41348.7143451064,41122.4474941972,41160.4212924298,40753.1475281221,41420.9956182259,41145.9475965309,41273.9771294894,41184.9826841771,41060.3583761509,40803.7932664841,41449.0416754595,41506.6702768227,41681.8259705657,41693.7103637276,41989.0770121729,41869.0228214213,41619.565200094,41490.9567877789,41409.7994044507,41915.2208551016,41819.060500695,42031.5407128413,42375.0220928634,42632.374823019,43214.7181734772,42714.924,42771.018,42798.816,42792.013,42589.512,42997.097,43118.479,42248.322,42356.208,42937.876,43150.338,42593.362,42633.384,42815.703,42911.957,43089.441,43285.202,42753.541,42364.247,42325.261,41571.036,42007.118,42627.261,42916.711,42635.109,42593.713,42600.051,42662.262,42527.435,42206.563,42903.832,42520.321,42495.09,43035.32,42954.423,42948.865,42762.951,43146.144,43063.16,43064.947,42696.72,42439.062,42765.707,42162.443,42188.502,42726.41,42629.976,42568.33,42793.423,42798.537,42813.613,42533.619,42541.154,42411.786,42794.966,41888.126,41176.748,42135.907,42665.415,42531.209,42384.103,42892.225,42773.689,42849.918,42372.823,42405.718,43097.407,42441.139,42933.968,43335.755,43395.755,43104.046,43284.4652314612,43518.8502314612,43834.5432314612,43614.1692314612,43750.8412314612,43203.7402314612,43626.9462314612,43516.1792314612,43825.7592314612,44191.9632314612,44534.5922314612,44439.0132314612,44405.969820274,44006.572820274,44164.007820274,43969.708820274,43212.301820274,43348.878820274,43490.999820274,43827.405820274,43111.719820274,43950.563820274,44098.123820274,44512.645820274,44456.1479527322,44411.2759527322,44077.8209527322,44139.2409527322,43840.3379527322,43572.9649527322,43882.7269527322,43697.5839527322,43415.2699527322,44519.4589527322,45068.5209527322,45324.0969527322,44991.627,44835.701,44883.122,44799.237,44751.725,44928.647,45305.421,45105.338,45389.877,45616.839,46436.439,46629.245,46351.0799589041,46751.0839589041,46636.7129589041,46612.7389589041,46558.5559589041,46843.4359589041,46861.8689589041,46832.3789589041,47224.7059589041,47903.1839589041,48253.5379589041,48864.1389589041,48495.486,48505.125,48676.202,48054.093,47748.379,47810.876,48159.172,48204.575,47804.515,48018.686,48494.546,48630.866,48272.826,47957.434,47675.688,46779.573,46080.072,46369.693,46942.008,46457.998,46831.862,47646.882,48191.331,47897.241,47821.7397681919,47754.9756460767,47697.4527754061,47164.1403511184,47278.9581040799,47375.4650927825,47576.2966391795,47221.1923574319,47236.9520814325,47641.2663023606,48454.8238040673,48121.8125105819,48431.7259541215,48726.1234267006,48895.3400240823,48632.5771216037,48571.0358377578,49006.6318654996,49495.2900702784,49719.7772196771,49555.6272264093,50491.4061878991,50873.3188341869,51338.316836986,50412.7134601412,50219.7451379428,50583.3633475973,50351.8081033365,50159.6272992268,50216.1363494845,50169.7781064159,50988.6326697747,50899.1189432558,51290.127788467,52357.6268535265,52401.1184925738,52389.2556188993,52248.5451196403,52211.1954466905,50473.964698786,45175.4268276655,46035.7903827224,46732.8279975377,46865.395836431,46739.2278567427,46902.5003951962,48008.8212575643,48320.4464503215,48794.1792285708,47177.1065298552,49018.4856603726,48459.8106459998,48466.8011992314,48560.2412560924,48980.258170938,48619.013264585,48557.7971077916,49602.0660379677,49997.6525468966,49470.3670420042,49624.4074023733,49945.4217422642,50235.9895183342,48980.2536535402,48811.8926247053,48990.2383843008,
,    Consumption,,,,,,,,,,,,,,,,,,,,,,,,,,,,,,,,,,,,,,,,,,,,,,,,,,,,,,,,,,,,,,,,,,,,,,,,,,,,,,,,,,,,,,,,,,,,,,,,,,,,,,,,,,,,,,,,,,,,,,,,,,,,,,,,,,,,,,,,,,,,,,,,,,,,,,,,,,,,,,,,,,,,,,,,,,,,,,,,,,,,,,,,,,,,,,,,,,,,,,,,,,,,,,,,,,,,,,,,,,,,,,,,,,,,,,,,,,,,,,,,,,,,,,,,,,,,,,,,,,,,,,,,,,,,,,,,,,,,,,,,,,,,,,,,,,,,,,,,,,,,,,,,,,,,,,,,,,,,,,,,,,,,,,,,,,,,,,,,,,,,,,,,,,,,,,,,,,,,,,,,,,,,,,,,,,,,,,,,,,,,,,,,,,,,,,,,,,,,,,,,,,,,,,,,,,,,,,,,,,,,,,,,,,,,,,,,,,,,,,,,,,,,,,,,,,,,,,,,,,,,,,,,,,,,,,,,,,,,,,,,,,,,,,,,,,,,,,,,,,,,,,,,,,,,,,,,,,,,,,,,,,,,,,,,,,,,,,,,,,,,,,,,,,,,,,,,,,,,,,,,,,,,,,,,,,,,,,,,,,,,,,,,,,,,,,,,,,,
INTL.54-2-OPNO-TBPD.M,        Refined petroleum products (Mb/d),,,,,,,,,,,,,,,,,,,,,,,,,,,,,,,,,,,,,,,,,,,,,,,,,,,,,,,,,,,,,,,,,,,,,,,,,,,,,,,,,,,,,18851,18817,17376,16784,16237,16187,16007,15752,16598,16994,16702,18410,18429,16988,15906,15349,15353,16094,15682,15262,15654,15821,15592,16596,31461,32613,31244,30180,27625,28177,27701,27394,28099,27909,29232,30170,28384,29982,29898,27732,26791,27950,26987,28186,28713,28134,29838,32198,39502.1290322581,39852.8965517241,39588.8064516129,36730.1666666667,36844.8064516129,36621.4,36305.2903225806,37342.8709677419,36416.6666666667,37539.9677419355,38605.6,38410.7096774194,40555,40556.5357142857,37320.5806451613,36251.8,35610.935483871,35389.2666666667,36485.7096774194,37121.9677419355,36317,38106.3870967742,37948.2,39881.3870967742,38966.0322580645,40987.9642857143,38638.935483871,38650.7666666667,36959.0967741935,37558.1666666667,38049.2258064516,38096.6129032258,38090.1666666667,38899.3225806452,38567.1333333333,41846.5483870968,40289.4193548387,41163.4642857143,39876.9677419355,38370.3666666667,36550.935483871,38909.4333333333,39582.6129032258,38173.2580645161,39474,39558.064516129,39774.2333333333,42572.5483870968,39812.7741935484,42634.4827586207,42467.8709677419,38713.3,37648.4516129032,40113.8333333333,39233.064516129,40259.5161290323,40329.9666666667,40747,43583.9,45058.7419354839,41255.0967741935,43412.6071428571,43082.7419354839,39586.0666666667,39164.1290322581,40828.3333333333,39135.2903225806,41107.5806451613,40640.6666666667,41874.8709677419,43263.2666666667,45420.4193548387,42355.1290322581,43252.6071428571,42288.064516129,40238.7,40349.2903225806,41018.1333333333,41879.4516129032,43163.9677419355,40349.4333333333,41109.1612903226,41746.7333333333,42279.1935483871,44193.1612903226,42885.4642857143,40829.8709677419,40747.7666666667,40558.8387096774,41041.9666666667,41198.2903225806,41410.3870967742,40967.4,42969.7741935484,42961.5,44425.7096774194,44391.4193548387,44376.3793103448,43506.5483870968,42630.3333333333,40316.2258064516,42012.4666666667,42888.3870967742,41587.6774193548,43228.7333333333,43326.935483871,44017.8666666667,45909.064516129,42159.8387096774,45435.3214285714,45656.3225806452,42727.7,40313.6129032258,42906.9,42822.3225806452,42202.3870967742,43769.2,43096.2580645161,45699,47236.064516129,44563.7419354839,47299.0714285714,45741.5483870968,43803.0666666667,42201.2580645161,44215.8333333333,43622.4193548387,44845.3225806452,44889.3666666667,44639.4193548387,45872.5666666667,47809.4193548387,45115.6129032258,47687.2142857143,46664.5483870968,44057.3,43395.2903225806,44456.2666666667,43137.5806451613,45032.3548387097,45248.2,44510.935483871,47289.7333333333,48200.3548387097,47112.8709677419,49158,47377.8709677419,45222.9,44317.2903225806,44388.1333333333,45721.5161290323,45896.4516129032,45584.9666666667,47653.6774193548,47518.8666666667,48122,48233.3225806452,48290.4285714286,45979.2903225806,46872.4,44974.6451612903,46212.2,47504.064516129,45898.2903225806,47435.0333333333,48137,47435.2,49885.4838709677,46938.4193548387,48364,48166.5806451613,46409.1,44397.0322580645,47087.4666666667,47726.5806451613,46753.0322580645,47166.0333333333,47470.0967741935,48293.0333333333,50328.9032258065,47605.6451612903,50122.2857142857,50572.2903225806,46857.9333333333,44900.1935483871,47705.0333333333,47498.1935483871,47696.8387096774,48195.9,48077.3225806452,49114.8666666667,51898.5806451613,47074.935483871,50083.8620689655,49158.1290322581,46164.9333333333,47168.3225806452,47798.1,47097.5806451613,49665.0322580645,48785.9333333333,48185.7096774194,48666.8666666667,50458.6451612903,49692.8387096774,49603.9285714286,49138.9677419355,47119.7,47107.8064516129,47230.5666666667,48136.8387096774,48894.935483871,47521.8333333333,48176.6774193548,48936.3,48918.6451612903,48806.7096774194,49181.1785714286,48205.5161290323,47242.0666666667,46277.2258064516,47170.3,48556.9032258065,48118.064516129,47944.7666666667,48642.1290322581,49531.9,50363.8064516129,49533.9032258065,51552.0714285714,48917.0322580645,48138.8666666667,47208.8387096774,47825.6333333333,48532,48089.8387096774,48963.5333333333,49638.2258064516,48720.7333333333,51383.9032258065,49739.5161290323,51020.4137931035,50769.1290322581,49122.0333333333,47225.9677419355,49112.1333333333,49576.0967741936,49354.6129032258,49774.6333333333,49868.3548387097,50556.6333333333,52014.6451612903,50311.9874193548,51978.0174285714,51593.6474516129,48905.01,48328.2757741936,50070.6336666667,49138.3661290323,50905.8341935484,49456.1063333333,48379.5044193548,50788.5166666667,52580.2337096774,50478.4240322581,51533.3311428571,51267.8086129032,48107.6873333333,48470.0392580645,49959.024,49298.1532258065,50261.749483871,49530.2856666667,49954.4178709677,50782.0483333333,50776.4648064516,49634.4750967742,51357.9085714286,50194.6889677419,48864.7023333333,48748.8498387097,49371.1063333333,49504.7304516129,49948.7330645161,49538.387,50480.8403548387,50988.5406666667,50413.6325806452,49770.6251612903,50459.6201034483,48421.7224516129,48934.081,47752.9443548387,47468.6963333333,48144.3521935484,46924.5158064516,46809.1116666667,48473.5500645161,46941.228,48157.3337741935,47219.0418064516,47469.5957142857,46969.1258064516,45772.388,44183.4423548387,45947.223,45738.206,45319.8483548387,46103.4573333333,46344.4931612903,45924.1546666667,47612.6962903226,45419.4644193548,47483.6124285714,47280.1097419355,46198.412,45064.6351935484,47072.05,46884.5434193548,47426.7272580645,47940.884,46640.1630322581,47484.9063333333,48412.012,45998.8157096774,47630.6658571429,46914.895483871,44789.5066666667,44570.0851935484,46248.9696666667,46034.8433225806,47552.3815806452,46801.5143333333,46083.6556774194,46529.7213333333,47041.9526129032,45154.0702258064,47605.2232068966,45796.5180967742,44749.292,45505.074,45904.6073333333,45912.9990967742,46653.313,45058.7896666667,46476.0127741936,46425.832,45874.0159677419,45734.202,46418.7398571429,45032.8969354839,45764.6993333333,45532.9084193548,45297.026,46736.5732580645,46272.7684193548,45824.0123333333,46367.8998709677,46880.3936666667,46170.0174516129,45488.2715806452,46565.8884285714,45385.6865806452,45043.5003333333,44329.0286451613,45112.2616666667,46167.0062903226,45653.7992903226,45916.2933333333,46448.5932258065,45561.6796666667,47037.4556774194,45786.1797096774,47921.5271428571,46331.9752580645,45912.0056666667,44701.6326774194,46484.8566666667,47240.2512258065,47003.7218064516,46832.4703333333,46387.1958709677,45806.2056666667,47442.8081612903,45501.3483870968,47755.2581724138,47136.3662903226,46199.1613333333,45543.3485483871,46606.772,46589.0128387097,48163.5894516129,47227.2593333333,46694.7511612903,47256.966,48223.8612258065,45965.909516129,46950.2621428571,47718.5130967742,46020.3573333333,47109.2752580645,48079.2106666667,47589.9552580645,47865.0942258065,47517.2453333333,47311.2951612903,48453.1036666667,48361.4217419355,,,,,,,,,,,,,,,,,,,,,,,,,,,,,,,,,,,,,,,,,,,,,,,,,,,,,,,
,OPEC,,,,,,,,,,,,,,,,,,,,,,,,,,,,,,,,,,,,,,,,,,,,,,,,,,,,,,,,,,,,,,,,,,,,,,,,,,,,,,,,,,,,,,,,,,,,,,,,,,,,,,,,,,,,,,,,,,,,,,,,,,,,,,,,,,,,,,,,,,,,,,,,,,,,,,,,,,,,,,,,,,,,,,,,,,,,,,,,,,,,,,,,,,,,,,,,,,,,,,,,,,,,,,,,,,,,,,,,,,,,,,,,,,,,,,,,,,,,,,,,,,,,,,,,,,,,,,,,,,,,,,,,,,,,,,,,,,,,,,,,,,,,,,,,,,,,,,,,,,,,,,,,,,,,,,,,,,,,,,,,,,,,,,,,,,,,,,,,,,,,,,,,,,,,,,,,,,,,,,,,,,,,,,,,,,,,,,,,,,,,,,,,,,,,,,,,,,,,,,,,,,,,,,,,,,,,,,,,,,,,,,,,,,,,,,,,,,,,,,,,,,,,,,,,,,,,,,,,,,,,,,,,,,,,,,,,,,,,,,,,,,,,,,,,,,,,,,,,,,,,,,,,,,,,,,,,,,,,,,,,,,,,,,,,,,,,,,,,,,,,,,,,,,,,,,,,,,,,,,,,,,,,,,,,,,,,,,,,,,,,,,,,,,,,,,,,,,,
,    Production,,,,,,,,,,,,,,,,,,,,,,,,,,,,,,,,,,,,,,,,,,,,,,,,,,,,,,,,,,,,,,,,,,,,,,,,,,,,,,,,,,,,,,,,,,,,,,,,,,,,,,,,,,,,,,,,,,,,,,,,,,,,,,,,,,,,,,,,,,,,,,,,,,,,,,,,,,,,,,,,,,,,,,,,,,,,,,,,,,,,,,,,,,,,,,,,,,,,,,,,,,,,,,,,,,,,,,,,,,,,,,,,,,,,,,,,,,,,,,,,,,,,,,,,,,,,,,,,,,,,,,,,,,,,,,,,,,,,,,,,,,,,,,,,,,,,,,,,,,,,,,,,,,,,,,,,,,,,,,,,,,,,,,,,,,,,,,,,,,,,,,,,,,,,,,,,,,,,,,,,,,,,,,,,,,,,,,,,,,,,,,,,,,,,,,,,,,,,,,,,,,,,,,,,,,,,,,,,,,,,,,,,,,,,,,,,,,,,,,,,,,,,,,,,,,,,,,,,,,,,,,,,,,,,,,,,,,,,,,,,,,,,,,,,,,,,,,,,,,,,,,,,,,,,,,,,,,,,,,,,,,,,,,,,,,,,,,,,,,,,,,,,,,,,,,,,,,,,,,,,,,,,,,,,,,,,,,,,,,,,,,,,,,,,,,,,,,,
,        Total petroleum and other liquids (Mb/d),,,,,,,,,,,,,,,,,,,,,,,,,,,,,,,,,,,,,,,,,,,,,,,,,,,,,,,,,,,,,,,,,,,,,,,,,,,,,,,,,,,,,,,,,,,,,,,,,,,,,,,,,,,,,,,,,,,,,,,,,,,,,,,,,,,,,,,,,,,,,,,,,,,,,,,,,,,,,,,,,,,,,,,,,,,,,,,,,,,,,,,,,,,,,,,,,,,,,,,,,,,,,,,,,,,,,,,,,,,,,,,,,,,,,,,,,,,,,,,,,,,,,,,,,,,,,,,,,,,,,,,,,,,,,,,,,,,,,,,,,,,,,,,,,,,,,,,,,,,,,,,,,,,,,,,,,,,,,,,,,,,,,,,,,,,,,,,,,,,,,,,,,,,,,,,,,,,,,,,,,,,,,,,,,,,,,,,,,,,,,,,,,,,,,,,,,,,,,,,,,,,,,,,,,,,,,,,,,,,,,,,,,,,,,,,,,,,,,,,,,,,,,,,,,,,,,,,,,,,,,,,,,,,,,,,,,,,,,,,,,,,,,,,,,,,,,,,,,,,,,,,,,,,,,,,,,,,,,,,,,,,,,,,,,,,,,,,,,,,,,,,,,,,,,,,,,,,,,,,,,,,,,,,,,,,,,,,,,,,,,,,,,,,,,,,,,,,
,"            Crude oil, NGPL, and other liquids (Mb/d)",,,,,,,,,,,,,,,,,,,,,,,,,,,,,,,,,,,,,,,,,,,,,,,,,,,,,,,,,,,,,,,,,,,,,,,,,,,,,,,,,,,,,,,,,,,,,,,,,,,,,,,,,,,,,,,,,,,,,,,,,,,,,,,,,,,,,,,,,,,,,,,,,,,,,,,,,,,,,,,,,,,,,,,,,,,,,,,,,,,,,,,,,,,,,,,,,,,,,,,,,,,,,,,,,,,,,,,,,,,,,,,,,,,,,,,,,,,,,,,,,,,,,,,,,,,,,,,,,,,,,,,,,,,,,,,,,,,,,,,,,,,,,,,,,,,,,,,,,,,,,,,,,,,,,,,,,,,,,,,,,,,,,,,,,,,,,,,,,,,,,,,,,,,,,,,,,,,,,,,,,,,,,,,,,,,,,,,,,,,,,,,,,,,,,,,,,,,,,,,,,,,,,,,,,,,,,,,,,,,,,,,,,,,,,,,,,,,,,,,,,,,,,,,,,,,,,,,,,,,,,,,,,,,,,,,,,,,,,,,,,,,,,,,,,,,,,,,,,,,,,,,,,,,,,,,,,,,,,,,,,,,,,,,,,,,,,,,,,,,,,,,,,,,,,,,,,,,,,,,,,,,,,,,,,,,,,,,,,,,,,,,,,,,,,,,,,,,
INTL.57-1-OPEC-TBPD.M,                Crude oil including lease condensate (Mb/d),28385,28645,28697,28711,29849,28990,30606,29992,30913,29705,27014,27233,28797,29130,29663,30252,30293,30005,29099,27915,28217,27930,28147,27301,25472,24234,24517,24121,24588,25313,26392,27432,29034,23513,25165,25575,25016,26477,27750,26966,26839,28316,28650,28882,29690,31225,31829,32632,27362,30645,30903,30166,28132,28734,27921,28124,29488,28795,29717,30720,25373,26591,26808,27401,26323,27328,27204,27788,29860,29869,29748,28307,26811,26988,28451,29207,29268,29283,29941,29542,29352,29465,29393,28844,27891,28264,27028,25857,25182,25559,25072,24838,23547,21091,22076,23086,22708,22922,23183,22169,21682,21018,19926,19548,18894,19329,18895,19877,19465,18366,16653,15547,16037,17641,17433,17249,17142,18176,18520,17528,15831,13368,14204,14231,15952,16032,17641,17515,17922,17643,17493,17183,16487.0197433366,16647.941757157,16798.941757157,16707.941757157,16107.0197433366,17277.0987166831,16457.0197433366,15287.0197433366,15358.0197433366,15495.0197433366,15541.0197433366,15354.941757157,14553.5524948866,15678.6436465096,15615.689,15259.7053534904,13875.5692930191,13298.697,13616.674,13639.7357069809,14925.645,16426.6603534904,16790.585,17301.7357069809,16174.981,16696.732,16264.787,16972.787,17185.841,18439.869,19157.896,19797.896,16158.869,16413.896,16842.896,17066.896,16333.607,15919.044,15406.753,16081.753,16757.92,17219.357,18736.211,19576.211,18718.503,18832.942,18368.401,18395.692,17499,17417,17689,18214,18176,18483,18573,19823,20498,21649,22245,22411,19626.264,19448.264,19849.264,20484.305,20507.305,21071.223,21147.305,21595.223,21736.141,22086.1,22793.223,22985.183,22224.733,22926.501,23119.926,23061.436,22901.089,22675.866,22919.515,19271.853,21483.038,21492.554,22230.966,22678.203,21942.235,21828.818,21678.142,21138.295,21096.889,21868.308,22422.416,22491.491,22474.36,22717.606,22989.194,23446.892,23600.9214790826,23385.0826749264,22612.4731241365,22699.2334245479,22818.526533349,22980.9971011896,23205.7710358539,23536.9343590598,23767.1477319368,24193.4230067794,24256.5430562494,24434.1526926177,24571.635,24732.663,24128.179,23614.945,23788.666,23910.253,24298.391,24284.077,24398.563,24349.174,24063.031,24372.56,24554.6,24538.6,24582.6,24429.8,24571.8,24682.8,24538.8,24292.8,24742.8,24804.8,24808.8,24774.8,24807.8,24955.8,24607.8,25127.8,25652.8,24997.8,25318.2,25569.2,25364.2,25599.2,25269.2,25376.2,25370,25462,25559,25357,25419,25568,25722,25718,25769,25875,25922,26441,26405,26660,26855,27100,26834,26418,26432,27557,27563,27710,27480,27113,28136,28588,28572,28499,28431,27916,27791,27521,27606,27471,27741,27486,27604,28124,27875,26687,26622,26112,26652,26887,26912,26977,26442,25567,26748.8050132076,27411.7865310038,27345.0529380993,28252.9489158923,28784.8616914075,28375.6505451187,28644.5822811886,29615.1297044018,29587.7627543226,29862.1895144862,29811.7683921029,28380.526353267,28575.3442864208,28185.0041142899,28854.999353963,28188.3050966357,27943.7135348951,26448.948331544,27670.2658515378,28172.4752232496,27371.337625971,27330.0236492671,27239.7358220569,26344.0032140103,25834.7129805013,25868.0720290947,26071.6975318695,24867.4503815342,25713.5353351222,25431.9947859354,26001.766988136,25854.373138375,26661.458091963,27427.1685483258,27499.7399460867,25671.0257041144,26056.4590582551,27379.0546030367,28014.635585066,27190.4210936357,27281.8213926598,26567.37528161,26688.5764895769,27239.8430210743,27629.2063122557,28248.4924636723,28228.2891806097,28912.6019920065,29195.374,29114.374,29022.374,28982.374,28828.374,29976.51,30396.51,30236.239,30756.239,30789.239,30283.239,30499.967,30721.197,30849.292,31052.681,31192.578,31079.666,31214.941,31472.214,31506.775,31840.521,31463.285,31417.444,31326.278,31078.2,31117,30977,30980,30658,30976,31316,31418,31077,30872,30518,30445,30269.282,30198.185,30276.069,30481.311,30306.957,30173.366,30438.83,30421.635,31050.215,31239.083,31069.316,31741.212,31870.23,31954.167,32165.125,31874.082,32185.073,32321.847,32692.429,32505.618,32217.728,32258.238,31561.55,30927.504,29986.672,29891.328,29846.632,30064.816,30126.831,30231.837,30497.405,30610.71,30567.351,30616.517,30655.911,30647.916,30663.3817155,30761.0127155,30685.2237155,30652.0007155,30564.1577155,30745.8547155,30574.8667155,30562.3127155,30566.8027155,30535.8427155,30522.6137155,30707.0167155,31519.0138407,31482.1298407,30281.1138407,30324.5338407,30453.1288407,31113.2248407,31393.4098407,31483.3168407,31535.3858407,31225.2018407,32075.3078407,32041.1518407,32275.3335577,32563.8555577,32800.1315577,33072.9545577,32663.9405577,32737.8505577,32638.3865577,32809.0225577,32539.7915577,32036.6875577,32020.9505577,31650.7665577,31385.3817694,31325.9817694,31494.9607694,31946.7077694,31869.2027694,31783.1497694,31926.2127694,31892.8887694,31136.5397694,31177.3577694,30666.0837694,30877.7647694,31372.9764539,31495.3234539,30942.6204539,30767.6054539,31053.9904539,31040.9424539,31304.3694539,31621.3054539,31970.2404539,32291.8954539,31749.3574539,32003.8684539,31636.4411871,31526.9651871,32272.1211871,32524.0841871,32739.7681871,33132.1011871,33298.5581871,32991.4361871,33283.9711871,33020.3941871,33218.2351871,33263.0331871,33566.027,33136.852,33304.26,33425.389,33332.937,33756.378,33942.457,33856.993,33842.829,34185.183,34639.847,34382.39,33504.0432293232,33365.31762008,32947.8241939704,33038.2143718276,33521.0093994527,33956.9344304028,34148.7291640329,33994.2176511788,34127.6322435262,33900.0101328232,33664.5256787092,33513.1116253474,33796.8016848167,33626.6483506649,33450.4309298762,33404.5582998556,33289.5320994124,33290.2319833102,33347.1686635984,33591.7174601133,33727.6893183544,33897.5243517044,33652.3003251711,32872.2745556255,32137.5886460141,32132.5618820797,31682.4232045543,31750.4819377014,31417.3977490636,31499.8582610413,31083.0767457448,31330.159521867,29747.9778291222,31189.5342090523,31051.7536393066,30948.4638589922,30639.7734973106,29875.5058172468,30106.2118735584,32113.2606747914,26207.6383313298,24248.2189247793,24888.522146893,25871.4674652583,25893.5100026016,26244.5401701789,27002.4328066931,27199.8750405703,27312.3584312996,26873.0066283093,27027.773521746,27032.807674226,27499.8834677502,28052.9245062356,28763.9245062356,28760.3135436687,29167.0775811019,29443.841618535,29887.3809756566,30087.7182085462,30026.7397300939,30694.8579352798,30308.8635367547,30603.2297645057,30113.761432763,30328.8078315803,
,    Consumption,,,,,,,,,,,,,,,,,,,,,,,,,,,,,,,,,,,,,,,,,,,,,,,,,,,,,,,,,,,,,,,,,,,,,,,,,,,,,,,,,,,,,,,,,,,,,,,,,,,,,,,,,,,,,,,,,,,,,,,,,,,,,,,,,,,,,,,,,,,,,,,,,,,,,,,,,,,,,,,,,,,,,,,,,,,,,,,,,,,,,,,,,,,,,,,,,,,,,,,,,,,,,,,,,,,,,,,,,,,,,,,,,,,,,,,,,,,,,,,,,,,,,,,,,,,,,,,,,,,,,,,,,,,,,,,,,,,,,,,,,,,,,,,,,,,,,,,,,,,,,,,,,,,,,,,,,,,,,,,,,,,,,,,,,,,,,,,,,,,,,,,,,,,,,,,,,,,,,,,,,,,,,,,,,,,,,,,,,,,,,,,,,,,,,,,,,,,,,,,,,,,,,,,,,,,,,,,,,,,,,,,,,,,,,,,,,,,,,,,,,,,,,,,,,,,,,,,,,,,,,,,,,,,,,,,,,,,,,,,,,,,,,,,,,,,,,,,,,,,,,,,,,,,,,,,,,,,,,,,,,,,,,,,,,,,,,,,,,,,,,,,,,,,,,,,,,,,,,,,,,,,,,,,,,,,,,,,,,,,,,,,,,,,,,,,,,,,
none,        Refined petroleum products (Mb/d),,,,,,,,,,,,,,,,,,,,,,,,,,,,,,,,,,,,,,,,,,,,,,,,,,,,,,,,,,,,,,,,,,,,,,,,,,,,,,,,,,,,,,,,,,,,,,,,,,,,,,,,,,,,,,,,,,,,,,,,,,,,,,,,,,,,,,,,,,,,,,,,,,,,,,,,,,,,,,,,,,,,,,,,,,,,,,,,,,,,,,,,,,,,,,,,,,,,,,,,,,,,,,,,,,,,,,,,,,,,,,,,,,,,,,,,,,,,,,,,,,,,,,,,,,,,,,,,,,,,,,,,,,,,,,,,,,,,,,,,,,,,,,,,,,,,,,,,,,,,,,,,,,,,,,,,,,,,,,,,,,,,,,,,,,,,,,,,,,,,,,,,,,,,,,,,,,,,,,,,,,,,,,,,,,,,,,,,,,,,,,,,,,,,,,,,,,,,,,,,,,,,,,,,,,,,,,,,,,,,,,,,,,,,,,,,,,,,,,,,,,,,,,,,,,,,,,,,,,,,,,,,,,,,,,,,,,,,,,,,,,,,,,,,,,,,,,,,,,,,,,,,,,,,,,,,,,,,,,,,,,,,,,,,,,,,,,,,,,,,,,,,,,,,,,,,,,,,,,,,,,,,,,,,,,,,,,,,,,,,,,,,,,,,,,,,,,,
