World,Non-OECD,OECD,SaudiArabia,United States,OPEC,Non-OPEC
54389,,,6876,9175.935,26004,28385
54930,,,7194,9395.214,26285,28645
54995,,,7481,9271.935,26298,28697
55049,,,7359,9291.9,26338,28711
56323,,,8316,9262.387,26474,29849
55711,,,7553,9213.933,26721,28990
57420,,,8682,9217.129,26814,30606
56750,,,8423,9168.548,26758,29992
57744,,,8532,9065.3,26831,30913
56614,,,7796,9223.871,26909,29705
53866,,,6267,9160.967,26852,27014
54277,,,6614,9063.226,27044,27233
55474,,,7513,8933.871,26677,28797
55943,,,7796,9142.214,26813,29130
56375,,,8131,8965.387,26712,29663
57110,,,8654,8953.967,26858,30252
57279,,,9014,8910.581,26986,30293
56858,,,8885,8780.233,26853,30005
55765,,,8783,8780.129,26666,29099
54302,,,8275,8698.871,26387,27915
54841,,,8763,8442.933,26624,28217
55013,,,9052,8611.258,27083,27930
55088,,,8812,8568.8,26941,28147
54596,,,8053,8526.516,27295,27301
52420,,,7839,8454.968,26948,25472
51408,,,6754,8591.143,27174,24234
51326,,,6550,8493.452,26809,24517
50946,,,5917,8456.6,26825,24121
51181,,,6989,8378.774,26593,24588
52475,,,6818,8420.8,27162,25313
53856,,,6980,8335.742,27464,26392
55017,,,8208,8248.774,27585,27432
56741,,,8407,8279.633,27707,29034
51389,,,5869,8324.419,27876,23513
53192,,,6947,8277.867,28027,25165
53916,,,7585,8253.548,28341,25575
53133,,,7464,8231.774,28117,25016
54565,,,7969,8231.207,28088,26477
55927,,,8365,8232.194,28177,27750
54905,,,8270,8077,27939,26966
55140,,,8450,8124.516,28301,26839
56950,,,8526,8094.433,28634,28316
57293,,,8971,8127.161,28643,28650
57699,,,8738,8110.613,28817,28882
58596,,,8323,8149.633,28906,29690
60391,,,9236,8063.29,29166,31225
60955,,,9394,8079.6,29126,31829
62462,,,9185,8060.613,29830,32632
56833,,,8609,7854.129,29471,27362
60649,,,9634,8138.929,30004,30645
61144,,,9890,8089.613,30241,30903
60186,,,10198,8144.9,30020,30166
58262,,,8507,8074.742,30130,28132
59158,,,9634,8101.933,30424,28734
58028,,,9839,8104.645,30107,27921
58854,,,8711,8306.774,30730,28124
60089,,,8711,8479.733,30601,29488
59961,,,8711,8573.419,31166,28795
61113,,,8968,8579.267,31396,29717
62350,,,9583,8487,31630,30720
56705,,,7828,8359.677,31332,25373
58208,,,8446,8376.571,31617,26591
58717,,,7725,8720.129,31909,26808
59610,,,8034,8817.533,32209,27401
58596,,,7313,8825.258,32273,26323
59981,,,7519,8832.467,32653,27328
59555,,,7416,8756.194,32351,27204
60357,,,7107,8758.129,32569,27788
62477,,,8343,8800.333,32617,29860
62906,,,9270,8820,33037,29869
63054,,,10249,8741.1,33306,29748
61691,,,10403,8661.548,33384,28307
60148,,,9789,8474.71,33337,26811
60473,,,9789,8525.357,33485,26988
61633,,,9789,8601.129,33182,28451
62870,,,8758,8553.1,33663,29207
62667,,,8758,8601,33399,29268
62919,,,8758,8431.633,33636,29283
63552,,,9789,8363.806,33611,29941
63425,,,9789,8547.774,33883,29542
63183,,,9789,8523.1,33831,29352
63629,,,9789,8621.161,34164,29465
63954,,,9789,8760.6,34561,29393
63490,,,9789,8614.516,34646,28844
62348.011,,,9767,8675.484,34457.011,27891
62715.757,,,9767,8704.517,34451.757,28264
61647.494,,,9767,8698.387,34619.494,27028
60391.36,,,9767,8684.7,34534.36,25857
59778.782,,,9767,8634.968,34596.782,25182
60008.624,,,9767,8553.967,34449.624,25559
59608.899,,,9767,8547.226,34536.899,25072
59446.012,,,9767,8414.226,34608.012,24838
58297.803,,,9767,8619.233,34750.803,23547
55842.496,,,10199,8531.903,34751.496,21091
56668.926,,,10414,8495.067,34592.926,22076
58047.975,,,10281,8605.71,34961.975,23086
57891.773,,,10180,8539.871,35183.773,22708
58156.649,,,10180,8604.071,35234.649,22922
58809.342,,,9976,8613,35626.342,23183
57803.815,,,10180,8556.933,35634.815,22169
56994.195,,,10180,8501.323,35312.195,21682
56310.517,,,10180,8628.633,35292.517,21018
55016.126,,,10282,8499.935,35090.126,19926
54079.566,,,10384,8582.871,34531.566,19548
54190.514,,,9264,8604,35296.514,18894
54556.342,,,9671,8562.903,35227.342,19329
53982.612,,,8653,8585.967,35087.612,18895
54949.157,,,8653,8585.387,35072.157,19877
54696.333,,,8659,8509.452,35231.333,19465
54057.656,,,8353,8702.179,35691.656,18366
52235.578,,,7335,8667.323,35582.578,16653
50937.234,,,6621,8591.267,35390.234,15547
51782.807,,,6010,8683.419,35745.807,16037
53723.825,,,6621,8646.1,36082.825,17641
53304.037,,,6316,8658,35871.037,17433
53226.077,,,6010,8633.645,35977.077,17249
53081.15,,,5603,8700.933,35939.15,17142
54797.282,,,5603,8701.452,36621.282,18176
55385.984,,,5603,8697.267,36865.984,18520
54251.558,,,5195,8597.903,36723.558,17528
52762.757,,,4950,8696.903,36931.757,15831
49812.05,,,3510,8758.464,36444.05,13368
50735.958,,,3910,8700.194,36531.958,14204
50958.936,,,3930,8775.633,36727.936,14231
52658.767,,,4725,8631.452,36706.767,15952
52868.746,,,4620,8667.133,36836.746,16032
54651.57,,,5536,8636.032,37010.57,17641
54498.585,,,5931,8679.129,36983.585,17515
55152.519,,,6026,8784,37230.519,17922
54891.545,,,6005,8770.645,37248.545,17643
55259.509,,,5915,8770.367,37766.509,17493
54454.589,,,5825,8396.548,37271.589,17183
54576.637,,,5130,8867.806,38089.6172566634,16487.0197433366
54927.706,,,5040,8874.379,38279.764242843,16647.941757157
54649.651,,,4843,8671.903,37850.709242843,16798.941757157
54848.69,,,5150,8862.4,38140.748242843,16707.941757157
54467.616,,,5000,8955.355,38360.5962566634,16107.0197433366
55744.865,,,5450,8852.333,38467.7662833169,17277.0987166831
55024.725,,,5010,8884.903,38567.7052566634,16457.0197433366
53346.397,,,4520,8809.387,38059.3772566634,15287.0197433366
53805.487,,,4133,8993.267,38447.4672566634,15358.0197433366
54216.567,,,4129,8905.645,38721.5472566634,15495.0197433366
54233.57,,,3990,8978.567,38692.5502566634,15541.0197433366
54193.563,,,3590,8896.677,38838.621242843,15354.941757157
52956.948,,,3510,8739.548,38403.3955051134,14553.5524948866
54426.531,,,4025,9024.821,38747.8873534904,15678.6436465096
54645.468,,,3835,9094.935,39029.779,15615.689
54219.59,,,3470,9043.3,38959.8846465096,15259.7053534904
52782.998,,,2590,9132.032,38907.4287069809,13875.5692930191
51324.413,,,2420,9021.767,38025.716,13298.697
52353.12,,,2740,8948.71,38736.446,13616.674
52216.159,,,2340,8802.613,38576.4232930191,13639.7357069809
54095.625,,,2980,8953.667,39169.98,14925.645
55779.147,,,3910,8969.935,39352.4866465096,16426.6603534904
56257.011,,,4200,8901.967,39466.426,16790.585
56571.921,,,4680,9029.548,39270.1852930191,17301.7357069809
55650.355,,,4310,9137.032,39475.374,16174.981
55660.371,,,4551,9173.393,38963.639,16696.732
55162.501,,,3972,9013.323,38897.714,16264.787
55266.682,,,4556,8863.9,38293.895,16972.787
56447.749,,,4208,8837.548,39261.908,17185.841
57220.1,,,5068,8623.333,38780.231,18439.869
58359.093,,,5700,8659.613,39201.197,19157.896
59013.237,,,6209,8373.548,39215.341,19797.896
54978.178,,,4651,8328.1,38819.309,16158.869
55334.802,,,4855,8418.839,38920.906,16413.896
56264.428,,,5164,8412.467,39421.532,16842.896
56434.726,,,5164,8352.452,39367.83,17066.896
55634.929,,,4004,8480.258,39301.322,16333.607
54938.329,,,3868,8388.571,39019.285,15919.044
54196.69,,,3300,8464.452,38789.937,15406.753
54870.27,,,4030,8498.167,38788.517,16081.753
55674.963,,,4197,8336.323,38917.043,16757.92
55375.706,,,4238,8278.533,38156.349,17219.357
57939.915,,,4602,8251.032,39203.704,18736.211
58737.602,,,4755,8209.935,39161.391,19576.211
58130.079,,,4653,8205.433,39411.576,18718.503
58325.247,,,4638,8363.613,39492.305,18832.942
57862.849,,,4248,8397.167,39494.448,18368.401
57936.912,,,4612,8317.548,39541.22,18395.692
57137.658,,,4155,8249.774,39638.658,17499
57217.705,,,4322,8374.069,39800.705,17417
57578.918,,,4332,8373.774,39889.918,17689
57890.101,,,4470,8287.633,39676.101,18214
57606.934,,,4484,8228.677,39430.934,18176
57271.737,,,4582,8170.067,38788.737,18483
57695.987,,,4641,8039.645,39122.987,18573
58852.668,,,5177,8079.323,39029.668,19823
59206.876,,,5314,7894.9,38708.876,20498
60890.869,,,6336,8022.71,39241.869,21649
61350.139,,,6532,8023.333,39105.139,22245
61597.285,,,6655,7941.581,39186.285,22411
58706.812,,,4918,7937.285,39080.548,19626.264
58227.577,,,4673,7788.445,38779.313,19448.264
58629.775,,,4515,7574.899,38780.511,19849.264
59059.986,,,4914,7771.554,38575.681,20484.305
58980.947,,,5022,7816.215,38473.642,20507.305
59017.965,,,4825,7624.368,37946.742,21071.223
59536.219,,,4923,7444.069,38388.914,21147.305
60428.657,,,5022,7544.458,38833.434,21595.223
60511.699,,,5219,7547.874,38775.558,21736.141
61081.978,,,5317,7452.779,38995.878,22086.1
61842.351,,,5701,7536.081,39049.128,22793.223
61485.176,,,5696,7336.754,38499.993,22985.183
60921.388,,,5537,7546.173,38696.655,22224.733
61178.881,,,5635.969,7497.242,38252.38,22926.501
62082.423,,,5764.609,7433.341,38962.497,23119.926
61805.933,,,5888.316,7407.173,38744.497,23061.436
61238.41,,,5393.5,7328.342,38337.321,22901.089
60409.37,,,5398.445,7105.838,37733.504,22675.866
60513.802,,,5393.5,7173.263,37594.287,22919.515
56965.632,,,5789.352,7286.634,37693.779,19271.853
59513.976,,,7659.758,7223.82,38030.938,21483.038
59854.228,,,7729.039,7541.889,38361.674,21492.554
60672.389,,,8223.855,7386.585,38441.423,22230.966
60883.958,,,8481.16,7337.517,38205.755,22678.203
60637.251,,,8074.582,7499.93,38695.016,21942.235
60326.57,,,8134.102,7636.997,38497.752,21828.818
60581.691,,,7935.707,7546.006,38903.549,21678.142
59183.328,,,7340.531,7508.52,38045.033,21138.295
59006.359,,,7340.531,7408.706,37909.47,21096.889
59198.905,,,8084.504,7320.326,37330.597,21868.308
60191.613,,,8406.891,7346.955,37769.197,22422.416
59495.341,,,8396.973,7316.165,37003.85,22491.491
60534.055,,,8332.492,7367.632,38059.695,22474.36
60489.449,,,8382.094,7437.338,37771.843,22717.606
60735.218,,,8372.172,7327.776,37746.024,22989.194
61143.298,,,8570.566,7298.946,37696.406,23446.892
61259.803,,,8679.57809907561,7360.576,37658.8815209174,23600.9214790826
60422.656,,,8531.46243185589,7388.598,37037.5733250736,23385.0826749264
59773.365,,,8156.23607489927,7348.335,37160.8918758635,22612.4731241365
60133.336,,,8109.33278027969,7292.507,37434.1025754521,22699.2334245479
59005.23,,,8161.17326380659,7168.599,36186.703466651,22818.526533349
59247.736,,,8210.54515287983,7167.311,36266.7388988104,22980.9971011896
59712.625,,,8245.1054752311,7131.1,36506.8539641461,23205.7710358539
59699.38,,,8294.47736430434,6921.788,36162.4456409402,23536.9343590598
59960.921,,,8343.84925337758,7030.119,36193.7732680632,23767.1477319368
60758.671,,,8398.15833135814,7125.751,36565.2479932206,24193.4230067794
60469.679,,,8393.22114245082,7024.128,36213.1359437506,24256.5430562494
60790.383,,,8467.27897606068,7103.215,36356.2303073823,24434.1526926177
60602.361,43989.444,16612.917,8500,6961.007,36030.726,24571.635
60965.441,44087.048,16878.393,8440,6942.592,36232.778,24732.663
60256.832,43322.946,16933.886,8300,6974.128,36128.653,24128.179
59577.715,42735.996,16841.719,8000,6881.308,35962.77,23614.945
59713.933,42850.114,16863.819,8000,6846.92,35925.267,23788.666
59473.076,42913.894,16559.182,8150,6794.726,35562.823,23910.253
60069.081,43099.875,16969.206,8240,6688.367,35770.69,24298.391
59895.148,42954.554,16940.594,8345,6757.807,35611.071,24284.077
59921.026,43035.327,16885.699,8270,6711.565,35522.463,24398.563
60385.327,43070.152,17315.175,8145,6838.807,36036.153,24349.174
60445.99,42800.171,17645.819,7995,6911.632,36382.959,24063.031
60837.893,43085.346,17752.547,8005,6857.583,36465.333,24372.56
61138.9,43462.2,17676.7,8068,6817,36584.3,24554.6
60960.8,43191.1,17769.7,8061,6770,36422.2,24538.6
60868.7,43208,17660.7,8068,6746,36286.1,24582.6
60411,42908.3,17502.7,8083,6612,35981.2,24429.8
60850.1,43233.4,17616.7,8063,6688,36278.3,24571.8
61162,43475.3,17686.7,8063,6611,36479.2,24682.8
60766,43260.3,17505.7,8073,6501,36227.2,24538.8
60662,43060.3,17601.7,8093,6544,36369.2,24292.8
61273,43391.3,17881.7,8153,6609,36530.2,24742.8
61769,43619.3,18149.7,8218,6658,36964.2,24804.8
61943,43729.3,18213.7,8218,6628,37134.2,24808.8
62267,43721.3,18545.7,8273,6760,37492.2,24774.8
61842.1,43651.8,18190.3,8120,6682,37034.3,24807.8
62344.1,44066.8,18277.3,8220,6794,37388.3,24955.8
61604.1,43502.8,18101.3,8110,6600,36996.3,24607.8
62401.1,44174.8,18226.3,8220,6604,37273.3,25127.8
62413,44434.7,17978.3,8400,6629,36760.2,25652.8
61555,44145.7,17409.3,8100,6579,36557.2,24997.8
62506.4,44456.1,18050.3,8410,6449,37188.2,25318.2
62640.4,44759.1,17881.3,8425,6447,37071.2,25569.2
63036.4,44570.1,18466.3,8315,6416,37672.2,25364.2
62672.4,44816.1,17856.3,8315,6421,37073.2,25599.2
62891.4,44329.1,18562.3,8020,6585,37622.2,25269.2
63287.4,44516.1,18771.3,8110,6530,37911.2,25376.2
63237.5,44577.3,18660.2,8118,6495,37867.5,25370
63633.6,44815.3,18818.3,8248,6577,38171.6,25462
63483.5,44697.3,18786.2,8248,6571,37924.5,25559
63338.5,44593.3,18745.2,8088,6444,37981.5,25357
63337.5,44840.3,18497.2,8135,6394,37918.5,25419
63661,44985.8,18675.2,8195,6458,38093,25568
63737,45013.8,18723.2,8295,6338,38015,25722
63386,45001.8,18384.2,8220,6360,37668,25718
63858,45110.8,18747.2,8200,6482,38089,25769
64223,45333.8,18889.2,8255,6481,38348,25875
64672,45553.8,19118.2,8255,6476,38750,25922
65242,45975.8,19266.2,8358,6506,38801,26441
65180.2,45998,19182.2,8072,6402,38775.2,26405
65540.1,46229,19311.1,8212,6514,38880.1,26660
65527.2,46476,19051.2,8316,6452,38672.2,26855
66048.6,46902.4,19146.2,8368,6441,38948.6,27100
65393.8,46653.6,18740.2,8348,6474,38559.8,26834
64622.2,46162,18460.2,8341,6442,38204.2,26418
65068.5,46108.2,18960.3,8360,6409,38636.5,26432
65949.5,47296.2,18653.3,8458,6347,38392.5,27557
66311.9,47268.2,19043.7,8463,6486,38748.9,27563
66828,47345.2,19482.8,8463,6467,39118,27710
66681,47228.2,19452.8,8414,6459,39201,27480
66494.9,46861.2,19633.7,8521,6531,39381.9,27113
67710.7,48261.3,19449.4,8765,6541,39574.7,28136
68083.7,48677.3,19406.4,8760,6476,39495.7,28588
67964.7,48677.3,19287.4,8460,6408,39392.7,28572
67829.6,48379.3,19450.3,8585,6483,39330.6,28499
67296.3,48352.2,18944.1,8625,6347,38865.3,28431
67017.6,48036.3,18981.3,8325,6267,39101.6,27916
66879.6,47780.3,19099.3,8275,6194,39088.6,27791
65905.5,47504.3,18401.2,8225,6203,38384.5,27521
65986.6,47604.3,18382.3,8173,5789,38380.6,27606
66101.6,47531.3,18570.3,8220,6143,38630.6,27471
66946.6,47928.3,19018.3,8170,6140,39205.6,27741
66771.7,47755.3,19016.4,8110,6043,39285.7,27486
66986.7,48147.8,18838.9,8065,5963,39382.7,27604
67312.6,48571.8,18740.8,8165,5966,39188.6,28124
66988.7,48480.8,18507.9,8220,5883,39113.7,27875
65545.7,47162.8,18382.9,7665,5887,38858.7,26687
65352.7,47047.8,18304.9,7665,5875,38730.7,26622
64307.9,46546.8,17761.1,7610,5760,38195.9,26112
65819,47293.8,18525.2,7610,5798,39167,26652
65706,47473.8,18232.2,7710,5780,38819,26887
65748,47515.8,18232.2,7735,5804,38836,26912
66254,47621.8,18632.2,7845,5947,39277,26977
66236,47129.8,19106.2,7865,5960,39794,26442
65428.2,46344.9,19083.3,7863,5959,39861.2,25567
66449.8939788898,47588.0338782473,18861.8601006425,7863,5784.3871,39701.0889656823,26748.8050132076
67065.6929233852,48232.1304234379,18833.5624999474,7865,5851.82759,39653.9063923815,27411.7865310038
67098.9418523623,48243.4894895706,18855.4523627917,7865,5918.19355,39753.888914263,27345.0529380993
67757.840998242,49239.6871014742,18518.1538967678,8100,5854.16667,39504.8920823497,28252.9489158923
68276.1863272534,49871.5059574894,18404.6803697639,8200,5846.51613,39491.3246358458,28784.8616914075
68074.385015219,49605.0408443491,18469.3441708699,8250,5822.86667,39698.7344701003,28375.6505451187
68695.1150607311,50017.4554458505,18677.6596148806,8390,5739.35484,40050.5327795425,28644.5822811886
69526.1337351867,51174.3398422421,18351.7938929446,8822.5,5788.74194,39911.0040307849,29615.1297044018
69542.8235889575,51314.4974981324,18228.3260908251,8975,5757.7,39955.060834635,29587.7627543226
69980.3352827799,51805.8037828315,18174.5314999484,8800,5809.03226,40118.1457682937,29862.1895144862
70536.2521830724,51879.6127248769,18656.6394581955,8900,5832.66667,40724.4837909695,29811.7683921029
69280.2115162518,50498.8085926499,18781.4029236018,8800,5855.09677,40899.6851629848,28380.526353267
69197.4521717218,50365.3411599754,18832.1110117464,8700,5798.93548,40622.107885301,28575.3442864208
68718.723162038,50146.3086522825,18572.4145097555,8320,5780.10714,40533.7190477481,28185.0041142899
69380.8485308017,50603.1571652986,18777.6913655031,8300,5880.32258,40525.8491768387,28854.999353963
68451.2263017181,49813.3198888932,18637.906412825,7950,5862.63333,40262.9212050824,28188.3050966357
67760.7557541365,49555.5623622636,18205.1933918729,8000,5829.41935,39817.0422192415,27943.7135348951
66206.9841627903,48239.6789510439,17967.3052117464,8050,5765.8,39758.0358312463,26448.948331544
68146.1337216191,49628.3843245697,18517.7493970494,8250,5748.64516,40475.8678700814,27670.2658515378
68319.8297563281,50113.5599013951,18206.269854933,8070,5725.41935,40147.3545330784,28172.4752232496
67852.7837175981,49290.8928128978,18561.8909047004,7800,5709,40481.4460916271,27371.337625971
67750.038797988,49179.5501554429,18570.4886425451,7670,5746.09677,40420.0151487209,27330.0236492671
68100.4131725556,49433.3798576788,18667.0333148769,7670,5881.36667,40860.6773504987,27239.7358220569
67692.7175591167,48453.6321059154,19239.0854532014,7600,5887.45161,41348.7143451064,26344.0032140103
66957.1604746985,47992.76401755,18964.3964571484,7300,5873.41935483871,41122.4474941972,25834.7129805013
67028.4933215245,48063.6435697975,18964.849751727,7210,5880.92857142857,41160.4212924298,25868.0720290947
66824.8450599916,48308.6139721468,18516.2310878448,7310,5885.8064516129,40753.1475281221,26071.6975318695
66288.4459997601,47285.5502883886,19002.8957113715,7455,5844.43333333333,41420.9956182259,24867.4503815342
66859.4829316531,48165.3202415997,18694.1626900534,7450,5905.06451612903,41145.9475965309,25713.5353351222
66705.9719154248,48097.2190633989,18608.7528520259,7500,5884.4,41273.9771294894,25431.9947859354
67186.7496723131,48669.0986557674,18517.6510165457,7700,5750.8064516129,41184.9826841771,26001.766988136
66914.7315145258,48746.9352985475,18167.7962159783,7730,5795.8064516129,41060.3583761509,25854.373138375
67465.2513584471,49605.4920856551,17859.759272792,7880,5411.2,40803.7932664841,26661.458091963
68876.2102237853,50555.8154763908,18320.3947473945,7900,5358.22580645161,41449.0416754595,27427.1685483258
69006.4102229094,50499.6750597137,18506.7351631957,8100,5623.53333333333,41506.6702768227,27499.7399460867
67352.8516746801,48604.9218906101,18747.92978407,8049.5,5721.67741935484,41681.8259705657,25671.0257041144
67750.1694219827,49066.8640982612,18683.3053237215,8498.57538670757,5755,41693.7103637276,26056.4590582551
69368.1316152096,50590.0860245238,18778.0455906858,8796.5883283851,5783,41989.0770121729,27379.0546030367
69883.6584064872,51178.6221754296,18705.0362310576,9381.70525214465,5803,41869.0228214213,28014.635585066
68809.9862937297,50487.57424635,18322.4120473797,9520.5465560876,5726,41619.565200094,27190.4210936357
68772.7781804388,50647.1889564036,18125.5892240352,9322.2018361691,5663,41490.9567877789,27281.8213926598
67977.1746860606,50036.1834812682,17940.9912047924,8627.99531645438,5659,41409.7994044507,26567.37528161
68603.7973446785,50277.4247667255,18326.372577953,8538.74019249106,5498,41915.2208551016,26688.5764895769
69058.9035217693,50987.2915164758,18071.6120052936,8538.74019249106,5574,41819.060500695,27239.8430210743
69660.747025097,51489.3101504515,18171.4368746454,8479.23677651551,5609,42031.5407128413,27629.2063122557
70623.5145565358,52297.6339480878,18325.8806084479,8578.40913647476,5614,42375.0220928634,28248.4924636723
70860.6640036287,52515.0355692499,18345.6284343788,8429.65059653589,5547,42632.374823019,28228.2891806097
72127.3201654836,53363.3718900276,18763.948275456,8588.32637247068,5571,43214.7181734772,28912.6019920065
71910.298,53499.606,18410.692,8700,5585,42714.924,29195.374
71885.392,53592.776,18292.616,8700,5572,42771.018,29114.374
71821.19,53464.267,18356.923,8400,5617,42798.816,29022.374
71774.387,53557.216,18217.171,8400,5560,42792.013,28982.374
71417.886,53411.715,18006.171,8500,5556,42589.512,28828.374
72973.607,54834.134,18139.473,9500,5407,42997.097,29976.51
73514.989,55438.903,18076.086,9500,5484,43118.479,30396.51
72484.561,55362.777,17121.784,9500,5325,42248.322,30236.239
73112.447,56043.06,17069.387,9500,5081,42356.208,30756.239
73727.115,56278.684,17448.431,9500,5170,42937.876,30789.239
73433.577,55636.933,17796.644,9500,5423,43150.338,30283.239
73093.329,55678.477,17414.852,9500,5510,42593.362,30499.967
73354.581,55930.424,17424.157,9500,5446,42633.384,30721.197
73664.995,56182.558,17482.437,9500,5501,42815.703,30849.292
73964.638,56454.39,17510.248,9500,5601,42911.957,31052.681
74282.019,56515.061,17766.958,9600,5563,43089.441,31192.578
74364.868,56512.266,17852.602,9600,5596,43285.202,31079.666
73968.482,56843.945,17124.537,9600,5442,42753.541,31214.941
73836.461,56976.459,16860.002,9600,5253,42364.247,31472.214
73832.036,57043.149,16788.887,9600,5198,42325.261,31506.775
73411.557,57572.575,15838.982,9600,4214,41571.036,31840.521
73470.403,57284.582,16185.821,9500,4555,42007.118,31463.285
74044.705,57274.147,16770.558,9500,4857,42627.261,31417.444
74242.989,57128.524,17114.465,9500,4988,42916.711,31326.278
73713.309,56673.095,17040.214,9400,5047.742,42635.109,31078.2
73710.713,56848.457,16862.256,9500,5031.929,42593.713,31117
73577.051,56852.101,16724.95,9350,5027.161,42600.051,30977
73642.262,56955.079,16687.183,9350,5081.667,42662.262,30980
73185.435,56604.56,16580.875,9200,5150.548,42527.435,30658
73182.563,56948.416,16234.147,9100,5162.8,42206.563,30976
74219.832,57519.691,16700.141,9300,5094.161,42903.832,31316
73938.321,57611.08,16327.241,9300,5039.742,42520.321,31418
73572.09,57263.286,16308.804,9000,5030.867,42495.09,31077
73907.32,57339.209,16568.111,8800,5108.161,43035.32,30872
73472.423,56837.703,16634.72,8800,5064.2,42954.423,30518
73393.865,56784.881,16608.984,8750,5186.065,42948.865,30445
73032.233,56565.107,16467.126,8750,5107.806,42762.951,30269.282
73344.329,56613.187,16731.142,8600,5117.893,43146.144,30198.185
73339.229,56707.22,16632.009,8600,5119.258,43063.16,30276.069
73546.258,56806.568,16739.69,8600,5180.233,43064.947,30481.311
73003.677,56625.98,16377.697,8600,5211.226,42696.72,30306.957
72612.428,56666.938,15945.49,8600,5075.133,42439.062,30173.366
73204.537,56829.917,16374.62,8600,5037.903,42765.707,30438.83
72584.078,56817.945,15766.133,8600,4969.677,42162.443,30421.635
73238.717,57191.84,16046.877,8800,4902.033,42188.502,31050.215
73965.493,57708.152,16257.341,8800,5021.935,42726.41,31239.083
73699.292,57586.378,16112.914,9000,5034.033,42629.976,31069.316
74309.542,58269.495,16040.047,9100,5110.548,42568.33,31741.212
74663.653,58699.712,15963.941,9200,5115.032,42793.423,31870.23
74752.704,58775.125,15977.579,9200,5148.172,42798.537,31954.167
74978.738,58957.976,16020.762,9200,5189.29,42813.613,32165.125
74407.701,58582.38,15825.321,9100,5180.1,42533.619,31874.082
74726.227,58851.37,15874.857,9400,5143.129,42541.154,32185.073
74733.633,59191.128,15542.505,9450,5137.767,42411.786,32321.847
75487.395,59510.938,15976.457,9700,5176.806,42794.966,32692.429
74393.744,59013.113,15380.631,9600,5002.968,41888.126,32505.618
73394.476,58903.105,14491.371,9400,3973.6,41176.748,32217.728
74394.145,58892.277,15501.868,9400,4737.677,42135.907,32258.238
74226.965,58253.771,15973.194,8958.791,5078.1,42665.415,31561.55
73458.713,57519.472,15939.241,8517.875,5102.677,42531.209,30927.504
72370.775,56576.432,15794.343,8113.333,5144.097,42384.103,29986.672
72783.553,56703.205,16080.348,8067.875,5239.214,42892.225,29891.328
72620.321,56685.744,15934.577,8072.418,5218.581,42773.689,29846.632
72914.734,57189.584,15725.15,8076.52,5278.133,42849.918,30064.816
72499.654,57086.095,15413.559,8081.062,5376.903,42372.823,30126.831
72637.555,57333.041,15304.514,8335.458,5269.3,42405.718,30231.837
73594.812,57713.858,15880.954,8540,5397.935,43097.407,30497.405
73051.849,57738.673,15313.176,8440,5417.581,42441.139,30610.71
73501.319,57987.016,15514.303,8340,5558.833,42933.968,30567.351
73952.272,58076.551,15875.721,8340,5524.452,43335.755,30616.517
74051.666,58063.936,15987.73,8340,5394.6,43395.755,30655.911
73751.962,57927.281,15824.681,8240,5451.742,43104.046,30647.916
73947.8469469612,58226.5739469612,15721.273,8350.4097155,5404.161,43284.4652314612,30663.3817155
74279.8629469612,58392.9399469612,15886.923,8400.4097155,5553.429,43518.8502314612,30761.0127155
74519.7669469612,58419.9839469612,16099.783,8390.4097155,5515.355,43834.5432314612,30685.2237155
74266.1699469612,58237.7089469612,16028.461,8440.4097155,5392.3,43614.1692314612,30652.0007155
74314.9989469612,58415.4489469612,15899.55,8350.4097155,5400.871,43750.8412314612,30564.1577155
73949.5949469612,58622.5369469612,15327.058,8420.4097155,5379.5,43203.7402314612,30745.8547155
74201.8129469612,58678.6279469612,15523.185,8420.4097155,5297.871,43626.9462314612,30574.8667155
74078.4919469612,58679.1019469612,15399.39,8430.4097155,5447.323,43516.1792314612,30562.3127155
74392.5619469612,58798.6239469612,15593.938,8420.4097155,5615.767,43825.7592314612,30566.8027155
74727.8059469612,58747.5279469612,15980.278,8410.4097155,5630.548,44191.9632314612,30535.8427155
75057.2059469612,58946.2929469612,16110.913,8460.4097155,5575.733,44534.5922314612,30522.6137155
75146.0299469612,59019.6859469612,16126.344,8510.4097155,5607.452,44439.0132314612,30707.0167155
75924.983660974,59962.752660974,15962.231,8917.6018407,5494.613,44405.969820274,31519.0138407
75488.702660974,59869.281660974,15619.421,9337.6018407,5403.536,44006.572820274,31482.1298407
74445.121660974,58571.765660974,15873.356,9137.6018407,5615.452,44164.007820274,30281.1138407
74294.242660974,58320.568660974,15973.674,9137.6018407,5557.7,43969.708820274,30324.5338407
73665.430660974,58339.148660974,15326.282,9137.6018407,5622.903,43212.301820274,30453.1288407
74462.103660974,59056.701660974,15405.402,9837.6018407,5587.967,43348.878820274,31113.2248407
74884.409660974,59361.513660974,15522.896,10037.6018407,5440.258,43490.999820274,31393.4098407
75310.722660974,59548.546660974,15762.176,10137.6018407,5664.581,43827.405820274,31483.3168407
74647.105660974,59116.501660974,15530.604,9937.6018407,5614.433,43111.719820274,31535.3858407
75175.765660974,58942.516660974,16233.249,9737.6018407,5901.065,43950.563820274,31225.2018407
76173.431660974,59743.805660974,16429.626,10037.6018407,6035.233,44098.123820274,32075.3078407
76553.797660974,60073.286660974,16480.511,10037.6018407,6047.548,44512.645820274,32041.1518407
76731.4815104322,60232.2715104322,16499.21,10004.2575577,6171.387,44456.1479527322,32275.3335577
76975.1315104322,60224.0365104322,16751.095,10204.2575577,6266.586,44411.2759527322,32563.8555577
76877.9525104322,60334.6915104322,16543.261,10194.2575577,6326.129,44077.8209527322,32800.1315577
77212.1955104322,60474.4665104322,16737.729,10094.2575577,6324.2,44139.2409527322,33072.9545577
76504.2785104322,60016.0005104322,16488.278,9894.2575577,6368.161,43840.3379527322,32663.9405577
76310.8155104322,60032.7495104322,16278.066,10184.2575577,6269.4,43572.9649527322,32737.8505577
76521.1135104322,59987.7985104322,16533.315,10179.2575577,6424.419,43882.7269527322,32638.3865577
76506.6065104322,60253.7845104322,16252.822,10179.2575577,6349.097,43697.5839527322,32809.0225577
75955.0615104322,59946.6845104322,16008.377,9964.2575577,6595.8,43415.2699527322,32539.7915577
76556.1465104322,59696.0615104322,16860.085,9964.2575577,6966,44519.4589527322,32036.6875577
77089.4715104322,59853.1695104322,17236.302,9704.2575577,7076.667,45068.5209527322,32020.9505577
76974.8635104322,59462.2625104322,17512.601,9404.2575577,7098.742,45324.0969527322,31650.7665577
76377.0087694,59164.2667694,17212.742,9319.7197694,7082.742,44991.627,31385.3817694
76161.6827694,58971.2667694,17190.416,9319.7197694,7151.25,44835.701,31325.9817694
76378.0827694,58998.5897694,17379.493,9319.7197694,7205.871,44883.122,31494.9607694
76745.9447694,59306.3537694,17439.591,9619.7197694,7371.633,44799.237,31946.7077694
76620.9277694,59409.5327694,17211.395,9819.7197694,7325.613,44751.725,31869.2027694
76711.7967694,59701.8297694,17009.967,10019.7197694,7276.5,44928.647,31783.1497694
77231.6337694,59524.1157694,17707.518,10219.7197694,7524.323,45305.421,31926.2127694
76998.2267694,59356.9227694,17641.304,10419.7197694,7532.032,45105.338,31892.8887694
76526.4167694,58807.0747694,17719.342,10319.7197694,7837.233,45389.877,31136.5397694
76794.1967694,59110.0507694,17684.146,10019.7197694,7757.645,45616.839,31177.3577694
77102.5227694,58864.2707694,18238.252,10019.7197694,7916.833,46436.439,30666.0837694
77507.0097694,59056.4277694,18450.582,10019.7197694,7928.29,46629.245,30877.7647694
77724.0564128041,59219.7544128041,18504.302,10109.9784539,8072.742,46351.0799589041,31372.9764539
78246.4074128041,59545.5094128041,18700.898,10059.9784539,8152.143,46751.0839589041,31495.3234539
77579.3334128041,58722.9204128041,18856.413,9859.9784539,8292.774,46636.7129589041,30942.6204539
77380.3444128041,58560.6894128041,18819.655,9859.9784539,8521.267,46612.7389589041,30767.6054539
77612.5464128041,58921.2124128041,18691.334,9859.9784539,8643.677,46558.5559589041,31053.9904539
77884.3784128041,59069.5264128041,18814.852,9859.9784539,8746.233,46843.4359589041,31040.9424539
78166.2384128041,59165.5524128041,19000.686,10009.9784539,8845.903,46861.8689589041,31304.3694539
78453.6844128041,59629.8564128041,18823.828,9909.9784539,8919.548,46832.3789589041,31621.3054539
79194.9464128041,59957.9104128041,19237.036,9809.9784539,9081.7,47224.7059589041,31970.2404539
80195.0794128041,60500.5654128041,19694.514,9909.9784539,9263.355,47903.1839589041,32291.8954539
80002.8954128041,60260.3644128041,19742.531,9809.9784539,9322.067,48253.5379589041,31749.3574539
80868.0074128041,60755.8024128041,20112.205,9809.9784539,9566.194,48864.1389589041,32003.8684539
80131.9271871,60250.4661871,19881.461,9807.3711871,9388.452,48495.486,31636.4411871
80032.0901871,60013.6361871,20018.454,9907.3711871,9509.714,48505.125,31526.9651871
80948.3231871,61005.4031871,19942.92,10307.3711871,9585.484,48676.202,32272.1211871
80578.1771871,60826.4941871,19751.683,10307.3711871,9661.4,48054.093,32524.0841871
80488.1471871,61165.9841871,19322.163,10507.3711871,9481.226,47748.379,32739.7681871
80942.9771871,61531.6891871,19411.288,10657.3711871,9361.633,47810.876,33132.1011871
81457.7301871,61620.0381871,19837.692,10567.3711871,9447.161,48159.172,33298.5581871
81196.0111871,61334.4841871,19861.527,10457.3711871,9415.71,48204.575,32991.4361871
81088.4861871,61574.1261871,19514.36,10457.3711871,9490.767,47804.515,33283.9711871
81039.0801871,61295.5761871,19743.504,10407.3711871,9406.226,48018.686,33020.3941871
81712.7811871,61786.6091871,19926.172,10307.3711871,9337,48494.546,33218.2351871
81893.8991871,61951.5241871,19942.375,10307.3711871,9281.355,48630.866,33263.0331871
81838.853,62019.702,19819.151,10414,9202.548,48272.826,33566.027
81094.286,61610.073,19484.213,10414,9065.241,47957.434,33136.852
80979.948,61567.618,19412.33,10414,9088.516,47675.688,33304.26
80204.962,61429.341,18775.621,10414,8870.867,46779.573,33425.389
79413.009,61385.656,18027.353,10514,8833.806,46080.072,33332.937
80126.071,62177.096,17948.975,10714,8670.967,46369.693,33756.378
80884.465,62085.484,18798.981,10844,8664.065,46942.008,33942.457
80314.991,61570.447,18744.544,10814,8685.548,46457.998,33856.993
80674.691,62280.106,18394.585,10774,8544.2,46831.862,33842.829
81832.065,62813.804,19018.261,10764,8841,47646.882,34185.183
82831.178,63332.239,19498.939,10814,8906.033,48191.331,34639.847
82279.631,63172.382,19107.249,10714,8845.871,47897.241,34382.39
81325.7829975151,62130.7753428405,19195.0076546746,10196,8873.581,47821.7397681919,33504.0432293232
81120.2932661566,61621.6019715782,19498.6912945784,10216,9108.107,47754.9756460767,33365.31762008
80645.2769693765,61280.1396932733,19365.1372761032,10166,9192.419,47697.4527754061,32947.8241939704
80202.3547229461,61271.8496583323,18930.5050646138,10196,9114.8,47164.1403511184,33038.2143718276
80799.9675035325,61786.5221072093,19013.4453963233,10266,9207.71,47278.9581040799,33521.0093994527
81332.3995231853,62344.3476707665,18988.0518524188,10466,9134.5,47375.4650927825,33956.9344304028
81725.0258032124,62335.2823536085,19389.743449604,10416,9265.774,47576.2966391795,34148.7291640329
81215.4100086107,61855.0699746753,19360.3400339353,10356,9263.935,47221.1923574319,33994.2176511788
81364.5843249588,62204.1743715318,19160.409953427,10406,9533.6,47236.9520814325,34127.6322435262
81541.2764351838,61930.8269063206,19610.4495288631,10376,9668.032,47641.2663023606,33900.0101328232
82119.3494827765,61842.6235987612,20276.7258840153,10326,10087.9,48454.8238040673,33664.5256787092
81634.9241359293,61569.4039550087,20065.5201809206,10276,9992.871,48121.8125105819,33513.1116253474
82228.5276389383,61873.7950694865,20354.7325694518,10378,9998.323,48431.7259541215,33796.8016848167
82352.7717773655,61733.2582924829,20619.5134848826,10318,10260.786,48726.1234267006,33626.6483506649
82345.7709539584,61585.9866094126,20759.7843445458,10268,10488.581,48895.3400240823,33450.4309298762
82037.1354214592,61421.4697597103,20615.6656617489,10278,10496.367,48632.5771216037,33404.5582998556
81860.5679371702,61407.3146018704,20453.2533352997,10338,10456.742,48571.0358377578,33289.5320994124
82296.8638488097,61582.3287454186,20714.5351033911,10638,10604.9,49006.6318654996,33290.2319833102
82842.4587338768,61606.2910520086,21236.1676818682,10698,10903.452,49495.2900702784,33347.1686635984
83311.4946797904,61554.2702124113,21757.2244673791,10638,11383.516,49719.7772196771,33591.7174601133
83283.3165447637,61944.1890453873,21339.1274993763,10738,11463.367,49555.6272264093,33727.6893183544
84388.9305396035,62398.1931001646,21990.7374394389,10938,11553.968,50491.4061878991,33897.5243517044
84525.619159358,62157.5990572627,22368.0201020953,11218,11907.1,50873.3188341869,33652.3003251711
84210.5913926115,61674.4465976968,22536.1447949147,10718,12003.742,51338.316836986,32872.2745556255
82550.3021061553,60611.5246317524,21938.7774744029,10252,11865,50412.7134601412,32137.5886460141
82352.3070200225,60458.2686589657,21894.0383610568,10302,11678.821,50219.7451379428,32132.5618820797
82265.7865521516,60110.7870618456,22154.999490306,10052,11937.29,50583.3633475973,31682.4232045543
82102.2900410379,59724.9990932179,22377.29094782,10052,12134.7,50351.8081033365,31750.4819377014
81577.0250482904,59495.052295192,22081.9727530984,10102,12163.194,50159.6272992268,31417.3977490636
81715.9946105257,59791.0222210409,21924.9723894848,10202,12087.533,50216.1363494845,31499.8582610413
81252.8548521607,59335.8285483935,21917.0263037671,9952,11819.097,50169.7781064159,31083.0767457448
82318.7921916417,59836.4334200049,22482.3587716369,10052,12424.774,50988.6326697747,31330.159521867
80647.096772378,58126.5543411461,22520.5424312319,8702,12495.2,50899.1189432558,29747.9778291222
82479.6619975193,59564.2635151827,22915.3984823366,10052,12672.548,51290.127788467,31189.5342090523
83409.3804928331,59855.3562844774,23554.0242083556,10102,12859.767,52357.6268535265,31051.7536393066
83349.582351566,59683.4587468861,23666.1236046799,9952,12802.097,52401.1184925738,30948.4638589922
83029.0291162098,59616.2403042665,23412.7888119433,10044,12754.806,52389.2556188993,30639.7734973106
82124.0509368871,58587.7740279638,23536.2769089233,9944,12745.586,52248.5451196403,29875.5058172468
82317.407320249,58967.0711752528,23350.3361449962,9994,12737.065,52211.1954466905,30106.2118735584
82587.2253735774,60471.5203279095,22115.7050456679,11794,12009.967,50473.964698786,32113.2606747914
71383.0651589953,51828.0730624215,19554.9920965738,8744,10018.774,45175.4268276655,26207.6383313298
70284.0093075017,50259.3321196581,20024.6771878436,7894,10442.133,46035.7903827224,24248.2189247793
71621.3501444307,50938.9765798738,20682.3735645569,8594,10972.645,46732.8279975377,24888.522146893
72736.8633016893,52556.0349096472,20180.8283920421,9094,10583.839,46865.395836431,25871.4674652583
72632.7378593442,52310.473531191,20322.2643281533,9204,10870.467,46739.2278567427,25893.5100026016
73147.0405653751,52856.1353614413,20290.9052039338,9204,10438.742,46902.5003951962,26244.5401701789
75011.2540642574,53598.7028378644,21412.5512263929,9204,11121.033,48008.8212575643,27002.4328066931
75520.3214908918,53786.6681831754,21733.6533077164,9204,11063.097,48320.4464503215,27199.8750405703
76106.5376598704,54450.4049910328,21656.1326688376,9294,11124.063,48794.1792285708,27312.3584312996
74050.1131581644,53875.3277306204,20174.785427544,8394,9924.674,47177.1065298552,26873.0066283093
76046.2591821186,54235.1119898743,21811.1471922443,8344,11325.869,49018.4856603726,27027.773521746
75492.6183202258,54404.4789902843,21088.1393299416,8344,11304.722,48459.8106459998,27032.807674226
75966.6846669815,54885.8719380686,21080.812728913,8676,11355.992,48466.8011992314,27499.8834677502
76613.165762328,55451.7553972872,21161.4103650408,9141,11356.417,48560.2412560924,28052.9245062356
77744.1826771736,56168.5899139277,21575.5927632459,9650,11346.986,48980.258170938,28763.9245062356
77379.3268082537,55843.2806606719,21536.0461475818,9752.13903743316,11277.405,48619.013264585,28760.3135436687
77724.8746888935,56652.7193073259,21072.1553815677,9854.27807486631,10917.534,48557.7971077916,29167.0775811019
79045.9076565027,57002.9413152546,22042.966341248,10006.4171122995,11568.579,49602.0660379677,29443.841618535
79885.0335225532,57682.662109461,22202.3714130922,10108.5561497326,11790.052,49997.6525468966,29887.3809756566
79558.0852505504,57624.4432676132,21933.6419829372,10110.6951871658,11634.403,49470.3670420042,30087.7182085462
79651.1471324672,58221.3581560269,21429.7889764404,10210.6951871658,11369.337,49624.4074023733,30026.7397300939
80640.279677544,58998.3802787279,21641.899398816,10460.6951871658,11316.118,49945.4217422642,30694.8579352798
80544.8530550889,58586.110524551,21958.7425305378,10210.6951871658,11700.794,50235.9895183342,30308.8635367547
79583.4834180458,57842.5788650035,21740.9045530423,10510.6951871658,11668.386,48980.2536535402,30603.2297645057
78925.6540574682,57483.5423686309,21442.1116888373,10460.6951871658,11614.772,48811.8926247053,30113.761432763
79319.0462158811,57836.3263430993,21482.7198727818,10560.6951871658,11815.729,48990.2383843008,30328.8078315803
